id,name,category,price,stock
1,clothing-1,clothing,2.50,187
2,books-2,books,51.14,380
3,home-3,home,14.95,347
4,toys-4,toys,14.09,233
5,food-5,food,13.03,32
6,electronics-6,electronics,40.01,413
7,clothing-7,clothing,27.02,376
8,books-8,books,0.15,223
9,home-9,home,97.47,295
10,toys-10,toys,75.58,423
11,food-11,food,24.16,407
12,electronics-12,electronics,67.57,307
13,clothing-13,clothing,53.84,428
14,books-14,books,96.31,96
15,home-15,home,42.24,276
16,toys-16,toys,17.19,61
17,food-17,food,34.34,303
18,electronics-18,electronics,71.47,32
19,clothing-19,clothing,67.01,397
20,books-20,books,43.41,209
21,home-21,home,62.32,456
22,toys-22,toys,93.58,445
23,food-23,food,2.79,232
24,electronics-24,electronics,55.28,370
25,clothing-25,clothing,55.47,316
26,books-26,books,85.55,305
27,home-27,home,86.08,405
28,toys-28,toys,77.16,308
29,food-29,food,79.76,147
30,electronics-30,electronics,11.37,236
31,clothing-31,clothing,29.41,171
32,books-32,books,72.36,22
33,home-33,home,7.07,38
34,toys-34,toys,37.81,156
35,food-35,food,34.60,387
36,electronics-36,electronics,23.31,339
37,clothing-37,clothing,2.49,129
38,books-38,books,62.40,227
39,home-39,home,55.60,157
40,toys-40,toys,70.09,415
41,food-41,food,26.19,314
42,electronics-42,electronics,6.36,213
43,clothing-43,clothing,90.51,172
44,books-44,books,22.23,379
45,home-45,home,0.99,330
46,toys-46,toys,15.78,481
47,food-47,food,92.96,499
48,electronics-48,electronics,38.57,80
49,clothing-49,clothing,90.15,151
50,books-50,books,43.73,441
51,home-51,home,1.67,424
52,toys-52,toys,89.68,296
53,food-53,food,90.79,348
54,electronics-54,electronics,58.81,401
55,clothing-55,clothing,60.02,231
56,books-56,books,88.50,453
57,home-57,home,68.72,333
58,toys-58,toys,23.68,152
59,food-59,food,45.02,284
60,electronics-60,electronics,10.62,44
61,clothing-61,clothing,80.68,163
62,books-62,books,69.95,76
63,home-63,home,97.77,236
64,toys-64,toys,49.78,327
65,food-65,food,81.70,27
66,electronics-66,electronics,60.03,140
67,clothing-67,clothing,9.64,169
68,books-68,books,8.28,227
69,home-69,home,0.92,22
70,toys-70,toys,84.04,474
71,food-71,food,67.81,487
72,electronics-72,electronics,15.98,363
73,clothing-73,clothing,70.48,458
74,books-74,books,9.98,397
75,home-75,home,68.23,418
76,toys-76,toys,27.54,130
77,food-77,food,99.55,255
78,electronics-78,electronics,67.16,138
79,clothing-79,clothing,18.85,241
80,books-80,books,97.21,291
81,home-81,home,29.46,426
82,toys-82,toys,16.96,208
83,food-83,food,1.41,176
84,electronics-84,electronics,3.48,131
85,clothing-85,clothing,22.70,67
86,books-86,books,44.45,4
87,home-87,home,2.11,140
88,toys-88,toys,80.35,493
89,food-89,food,90.35,443
90,electronics-90,electronics,66.88,411
91,clothing-91,clothing,70.07,321
92,books-92,books,67.63,342
93,home-93,home,22.78,67
94,toys-94,toys,89.79,20
95,food-95,food,40.40,91
96,electronics-96,electronics,67.32,202
97,clothing-97,clothing,77.51,31
98,books-98,books,26.72,23
99,home-99,home,66.98,499
100,toys-100,toys,12.70,188
101,food-101,food,78.86,228
102,electronics-102,electronics,21.09,328
103,clothing-103,clothing,49.96,416
104,books-104,books,58.10,10
105,home-105,home,51.21,348
106,toys-106,toys,84.10,166
107,food-107,food,77.52,200
108,electronics-108,electronics,41.56,159
109,clothing-109,clothing,88.36,77
110,books-110,books,50.10,467
111,home-111,home,54.73,217
112,toys-112,toys,50.81,430
113,food-113,food,7.81,113
114,electronics-114,electronics,75.41,90
115,clothing-115,clothing,46.81,248
116,books-116,books,62.35,43
117,home-117,home,60.97,176
118,toys-118,toys,23.00,43
119,food-119,food,41.62,254
120,electronics-120,electronics,75.48,404
121,clothing-121,clothing,40.95,224
122,books-122,books,53.32,393
123,home-123,home,42.57,39
124,toys-124,toys,37.74,473
125,food-125,food,25.21,211
126,electronics-126,electronics,61.30,55
127,clothing-127,clothing,66.38,423
128,books-128,books,75.64,164
129,home-129,home,57.47,113
130,toys-130,toys,10.06,451
131,food-131,food,90.40,10
132,electronics-132,electronics,96.13,435
133,clothing-133,clothing,22.69,40
134,books-134,books,67.32,429
135,home-135,home,66.70,460
136,toys-136,toys,66.23,8
137,food-137,food,58.70,119
138,electronics-138,electronics,72.79,421
139,clothing-139,clothing,69.85,117
140,books-140,books,14.56,8
141,home-141,home,11.84,107
142,toys-142,toys,45.15,156
143,food-143,food,67.21,2
144,electronics-144,electronics,72.68,295
145,clothing-145,clothing,94.62,124
146,books-146,books,22.36,358
147,home-147,home,76.72,460
148,toys-148,toys,85.89,345
149,food-149,food,66.38,397
150,electronics-150,electronics,6.50,393
151,clothing-151,clothing,60.46,208
152,books-152,books,87.48,136
153,home-153,home,39.47,354
154,toys-154,toys,38.45,12
155,food-155,food,44.25,338
156,electronics-156,electronics,48.62,154
157,clothing-157,clothing,80.10,37
158,books-158,books,13.00,360
159,home-159,home,56.34,311
160,toys-160,toys,70.55,456
161,food-161,food,5.67,250
162,electronics-162,electronics,93.35,161
163,clothing-163,clothing,66.90,408
164,books-164,books,25.10,413
165,home-165,home,66.68,253
166,toys-166,toys,47.62,75
167,food-167,food,37.22,140
168,electronics-168,electronics,12.26,485
169,clothing-169,clothing,78.70,343
170,books-170,books,81.61,66
171,home-171,home,46.68,482
172,toys-172,toys,60.54,393
173,food-173,food,56.46,317
174,electronics-174,electronics,55.79,473
175,clothing-175,clothing,7.06,261
176,books-176,books,84.91,175
177,home-177,home,22.13,24
178,toys-178,toys,24.93,411
179,food-179,food,24.47,6
180,electronics-180,electronics,11.79,119
181,clothing-181,clothing,63.76,3
182,books-182,books,13.39,277
183,home-183,home,95.64,179
184,toys-184,toys,20.55,195
185,food-185,food,10.41,370
186,electronics-186,electronics,71.48,291
187,clothing-187,clothing,22.02,487
188,books-188,books,72.99,187
189,home-189,home,86.88,27
190,toys-190,toys,14.62,233
191,food-191,food,1.29,34
192,electronics-192,electronics,57.42,373
193,clothing-193,clothing,19.61,264
194,books-194,books,58.88,429
195,home-195,home,60.36,445
196,toys-196,toys,44.49,201
197,food-197,food,52.64,240
198,electronics-198,electronics,24.03,50
199,clothing-199,clothing,48.20,398
200,books-200,books,53.92,313
201,home-201,home,93.57,69
202,toys-202,toys,9.62,21
203,food-203,food,79.18,397
204,electronics-204,electronics,39.06,161
205,clothing-205,clothing,58.14,402
206,books-206,books,61.23,287
207,home-207,home,37.94,172
208,toys-208,toys,78.43,9
209,food-209,food,6.69,0
210,electronics-210,electronics,46.71,211
211,clothing-211,clothing,45.93,6
212,books-212,books,91.15,182
213,home-213,home,61.62,430
214,toys-214,toys,28.30,286
215,food-215,food,78.31,113
216,electronics-216,electronics,97.75,69
217,clothing-217,clothing,46.79,97
218,books-218,books,90.70,58
219,home-219,home,77.29,214
220,toys-220,toys,24.61,315
221,food-221,food,33.75,9
222,electronics-222,electronics,40.61,189
223,clothing-223,clothing,17.87,142
224,books-224,books,84.03,78
225,home-225,home,89.97,65
226,toys-226,toys,31.72,116
227,food-227,food,88.63,393
228,electronics-228,electronics,70.76,39
229,clothing-229,clothing,99.36,163
230,books-230,books,17.28,182
231,home-231,home,54.14,280
232,toys-232,toys,68.26,467
233,food-233,food,13.41,379
234,electronics-234,electronics,93.73,74
235,clothing-235,clothing,12.23,428
236,books-236,books,38.89,226
237,home-237,home,34.68,371
238,toys-238,toys,49.98,159
239,food-239,food,60.64,327
240,electronics-240,electronics,31.08,303
241,clothing-241,clothing,37.13,266
242,books-242,books,51.24,154
243,home-243,home,18.97,345
244,toys-244,toys,1.45,161
245,food-245,food,82.80,261
246,electronics-246,electronics,4.46,143
247,clothing-247,clothing,16.52,254
248,books-248,books,52.04,450
249,home-249,home,21.92,138
250,toys-250,toys,7.21,339
251,food-251,food,39.54,417
252,electronics-252,electronics,44.75,162
253,clothing-253,clothing,27.12,476
254,books-254,books,84.84,449
255,home-255,home,52.05,293
256,toys-256,toys,27.98,307
257,food-257,food,8.57,310
258,electronics-258,electronics,18.68,427
259,clothing-259,clothing,11.35,334
260,books-260,books,34.98,484
261,home-261,home,84.40,123
262,toys-262,toys,68.83,17
263,food-263,food,90.98,53
264,electronics-264,electronics,80.41,260
265,clothing-265,clothing,15.43,89
266,books-266,books,20.94,146
267,home-267,home,23.08,59
268,toys-268,toys,79.00,328
269,food-269,food,71.47,275
270,electronics-270,electronics,6.76,326
271,clothing-271,clothing,98.03,354
272,books-272,books,56.99,227
273,home-273,home,81.96,352
274,toys-274,toys,0.48,347
275,food-275,food,64.01,451
276,electronics-276,electronics,58.83,185
277,clothing-277,clothing,32.87,217
278,books-278,books,99.99,493
279,home-279,home,3.80,365
280,toys-280,toys,1.97,489
281,food-281,food,71.33,454
282,electronics-282,electronics,4.92,219
283,clothing-283,clothing,75.64,234
284,books-284,books,94.05,202
285,home-285,home,76.83,454
286,toys-286,toys,25.26,21
287,food-287,food,12.29,289
288,electronics-288,electronics,42.37,148
289,clothing-289,clothing,46.24,495
290,books-290,books,89.59,326
291,home-291,home,78.20,20
292,toys-292,toys,73.09,239
293,food-293,food,18.74,216
294,electronics-294,electronics,45.89,443
295,clothing-295,clothing,40.13,70
296,books-296,books,76.19,23
297,home-297,home,82.84,251
298,toys-298,toys,10.98,400
299,food-299,food,61.30,323
300,electronics-300,electronics,96.06,407
301,clothing-301,clothing,75.39,306
302,books-302,books,14.31,70
303,home-303,home,18.99,404
304,toys-304,toys,70.71,471
305,food-305,food,81.19,231
306,electronics-306,electronics,53.01,194
307,clothing-307,clothing,9.25,214
308,books-308,books,6.75,103
309,home-309,home,92.79,363
310,toys-310,toys,97.87,318
311,food-311,food,51.88,377
312,electronics-312,electronics,12.35,359
313,clothing-313,clothing,10.97,374
314,books-314,books,49.98,33
315,home-315,home,67.75,159
316,toys-316,toys,3.92,216
317,food-317,food,96.07,320
318,electronics-318,electronics,88.38,482
319,clothing-319,clothing,40.37,373
320,books-320,books,78.76,440
321,home-321,home,71.36,379
322,toys-322,toys,74.66,376
323,food-323,food,84.30,423
324,electronics-324,electronics,51.52,284
325,clothing-325,clothing,3.15,51
326,books-326,books,97.12,440
327,home-327,home,26.54,392
328,toys-328,toys,92.77,339
329,food-329,food,21.30,342
330,electronics-330,electronics,28.67,450
331,clothing-331,clothing,18.53,154
332,books-332,books,72.96,447
333,home-333,home,55.46,392
334,toys-334,toys,65.17,384
335,food-335,food,71.72,31
336,electronics-336,electronics,95.48,162
337,clothing-337,clothing,81.88,264
338,books-338,books,56.69,296
339,home-339,home,61.09,495
340,toys-340,toys,85.85,82
341,food-341,food,35.47,133
342,electronics-342,electronics,49.03,43
343,clothing-343,clothing,59.36,388
344,books-344,books,67.77,299
345,home-345,home,10.51,129
346,toys-346,toys,66.86,109
347,food-347,food,83.28,243
348,electronics-348,electronics,43.37,443
349,clothing-349,clothing,42.77,230
350,books-350,books,75.36,213
351,home-351,home,15.24,364
352,toys-352,toys,78.31,402
353,food-353,food,68.41,376
354,electronics-354,electronics,76.23,299
355,clothing-355,clothing,59.68,188
356,books-356,books,6.12,199
357,home-357,home,12.53,156
358,toys-358,toys,16.67,373
359,food-359,food,4.55,358
360,electronics-360,electronics,81.44,358
361,clothing-361,clothing,78.83,340
362,books-362,books,45.84,268
363,home-363,home,58.23,496
364,toys-364,toys,90.58,130
365,food-365,food,91.83,16
366,electronics-366,electronics,51.68,378
367,clothing-367,clothing,68.46,359
368,books-368,books,36.20,75
369,home-369,home,41.54,331
370,toys-370,toys,24.14,442
371,food-371,food,0.09,261
372,electronics-372,electronics,53.69,368
373,clothing-373,clothing,4.61,429
374,books-374,books,94.32,394
375,home-375,home,81.14,66
376,toys-376,toys,43.09,281
377,food-377,food,73.51,85
378,electronics-378,electronics,2.40,290
379,clothing-379,clothing,3.63,71
380,books-380,books,14.78,251
381,home-381,home,52.59,428
382,toys-382,toys,22.27,215
383,food-383,food,88.51,455
384,electronics-384,electronics,95.72,40
385,clothing-385,clothing,44.15,378
386,books-386,books,72.71,399
387,home-387,home,71.68,494
388,toys-388,toys,51.91,471
389,food-389,food,57.54,59
390,electronics-390,electronics,23.84,37
391,clothing-391,clothing,1.23,41
392,books-392,books,39.21,268
393,home-393,home,52.22,60
394,toys-394,toys,50.80,267
395,food-395,food,96.99,366
396,electronics-396,electronics,58.60,256
397,clothing-397,clothing,52.14,156
398,books-398,books,33.05,201
399,home-399,home,8.27,434
400,toys-400,toys,96.73,54
401,food-401,food,69.81,360
402,electronics-402,electronics,35.86,162
403,clothing-403,clothing,73.99,11
404,books-404,books,0.59,156
405,home-405,home,80.98,122
406,toys-406,toys,81.96,459
407,food-407,food,90.39,90
408,electronics-408,electronics,48.31,331
409,clothing-409,clothing,74.52,8
410,books-410,books,50.65,465
411,home-411,home,79.47,300
412,toys-412,toys,73.61,7
413,food-413,food,13.23,115
414,electronics-414,electronics,37.86,76
415,clothing-415,clothing,95.19,356
416,books-416,books,51.15,356
417,home-417,home,24.03,417
418,toys-418,toys,45.70,339
419,food-419,food,53.58,166
420,electronics-420,electronics,12.01,299
421,clothing-421,clothing,65.46,116
422,books-422,books,87.01,193
423,home-423,home,50.37,191
424,toys-424,toys,34.39,316
425,food-425,food,58.11,272
426,electronics-426,electronics,79.63,234
427,clothing-427,clothing,47.83,490
428,books-428,books,66.82,262
429,home-429,home,17.32,415
430,toys-430,toys,9.95,210
431,food-431,food,91.85,153
432,electronics-432,electronics,3.02,369
433,clothing-433,clothing,51.49,448
434,books-434,books,48.16,233
435,home-435,home,65.44,3
436,toys-436,toys,38.00,61
437,food-437,food,95.19,112
438,electronics-438,electronics,73.41,122
439,clothing-439,clothing,32.28,108
440,books-440,books,17.81,96
441,home-441,home,79.49,81
442,toys-442,toys,45.96,200
443,food-443,food,8.36,398
444,electronics-444,electronics,79.15,373
445,clothing-445,clothing,8.69,343
446,books-446,books,19.95,224
447,home-447,home,16.63,303
448,toys-448,toys,96.28,164
449,food-449,food,60.29,12
450,electronics-450,electronics,75.87,85
451,clothing-451,clothing,94.46,29
452,books-452,books,87.27,333
453,home-453,home,44.90,100
454,toys-454,toys,8.63,123
455,food-455,food,16.81,45
456,electronics-456,electronics,6.26,155
457,clothing-457,clothing,76.72,409
458,books-458,books,92.80,157
459,home-459,home,33.15,246
460,toys-460,toys,78.36,486
461,food-461,food,95.00,482
462,electronics-462,electronics,11.84,454
463,clothing-463,clothing,71.34,468
464,books-464,books,67.58,134
465,home-465,home,11.13,188
466,toys-466,toys,54.65,296
467,food-467,food,66.89,480
468,electronics-468,electronics,76.81,106
469,clothing-469,clothing,92.28,97
470,books-470,books,93.35,313
471,home-471,home,62.41,232
472,toys-472,toys,21.94,480
473,food-473,food,66.59,267
474,electronics-474,electronics,62.51,175
475,clothing-475,clothing,97.38,346
476,books-476,books,76.80,374
477,home-477,home,4.41,88
478,toys-478,toys,60.37,361
479,food-479,food,54.43,167
480,electronics-480,electronics,79.70,417
481,clothing-481,clothing,76.47,211
482,books-482,books,34.48,354
483,home-483,home,3.36,187
484,toys-484,toys,32.09,298
485,food-485,food,76.87,477
486,electronics-486,electronics,74.35,137
487,clothing-487,clothing,85.53,338
488,books-488,books,21.61,319
489,home-489,home,54.49,103
490,toys-490,toys,79.49,242
491,food-491,food,82.87,294
492,electronics-492,electronics,42.35,494
493,clothing-493,clothing,11.76,424
494,books-494,books,5.51,100
495,home-495,home,29.24,362
496,toys-496,toys,80.43,424
497,food-497,food,87.96,328
498,electronics-498,electronics,49.74,335
499,clothing-499,clothing,95.52,221
500,books-500,books,89.40,231
501,home-501,home,1.62,313
502,toys-502,toys,62.66,326
503,food-503,food,28.57,114
504,electronics-504,electronics,41.17,492
505,clothing-505,clothing,55.93,266
506,books-506,books,38.24,357
507,home-507,home,57.95,250
508,toys-508,toys,47.05,374
509,food-509,food,19.18,91
510,electronics-510,electronics,7.49,337
511,clothing-511,clothing,2.49,221
512,books-512,books,65.92,165
513,home-513,home,56.34,39
514,toys-514,toys,12.92,492
515,food-515,food,2.43,361
516,electronics-516,electronics,83.05,359
517,clothing-517,clothing,2.94,349
518,books-518,books,54.81,193
519,home-519,home,65.13,267
520,toys-520,toys,28.85,310
521,food-521,food,70.14,408
522,electronics-522,electronics,48.16,329
523,clothing-523,clothing,38.52,261
524,books-524,books,70.36,204
525,home-525,home,91.82,380
526,toys-526,toys,79.83,273
527,food-527,food,38.43,398
528,electronics-528,electronics,57.60,65
529,clothing-529,clothing,12.07,388
530,books-530,books,30.18,129
531,home-531,home,68.09,264
532,toys-532,toys,16.23,113
533,food-533,food,33.33,483
534,electronics-534,electronics,47.67,156
535,clothing-535,clothing,40.74,232
536,books-536,books,88.32,229
537,home-537,home,13.12,240
538,toys-538,toys,52.86,494
539,food-539,food,77.45,106
540,electronics-540,electronics,54.14,31
541,clothing-541,clothing,46.99,80
542,books-542,books,81.80,463
543,home-543,home,65.06,481
544,toys-544,toys,20.59,39
545,food-545,food,44.63,197
546,electronics-546,electronics,50.56,35
547,clothing-547,clothing,72.30,84
548,books-548,books,17.30,277
549,home-549,home,44.76,142
550,toys-550,toys,35.97,468
551,food-551,food,96.28,129
552,electronics-552,electronics,89.58,332
553,clothing-553,clothing,26.55,85
554,books-554,books,94.83,337
555,home-555,home,22.48,126
556,toys-556,toys,35.48,232
557,food-557,food,67.27,362
558,electronics-558,electronics,88.88,38
559,clothing-559,clothing,52.55,110
560,books-560,books,17.63,257
561,home-561,home,93.08,144
562,toys-562,toys,49.55,204
563,food-563,food,34.25,370
564,electronics-564,electronics,63.86,487
565,clothing-565,clothing,95.27,473
566,books-566,books,58.05,50
567,home-567,home,55.65,498
568,toys-568,toys,0.96,382
569,food-569,food,1.74,134
570,electronics-570,electronics,0.68,200
571,clothing-571,clothing,53.48,470
572,books-572,books,18.94,302
573,home-573,home,70.56,126
574,toys-574,toys,35.83,393
575,food-575,food,70.54,107
576,electronics-576,electronics,82.97,388
577,clothing-577,clothing,5.70,309
578,books-578,books,55.85,247
579,home-579,home,10.34,91
580,toys-580,toys,92.44,304
581,food-581,food,31.21,72
582,electronics-582,electronics,49.96,94
583,clothing-583,clothing,45.09,322
584,books-584,books,57.45,356
585,home-585,home,60.20,410
586,toys-586,toys,67.12,46
587,food-587,food,90.41,399
588,electronics-588,electronics,57.04,97
589,clothing-589,clothing,68.73,396
590,books-590,books,45.19,426
591,home-591,home,32.06,366
592,toys-592,toys,86.51,66
593,food-593,food,57.34,162
594,electronics-594,electronics,60.52,109
595,clothing-595,clothing,53.53,290
596,books-596,books,43.47,252
597,home-597,home,21.66,319
598,toys-598,toys,33.65,16
599,food-599,food,90.19,32
600,electronics-600,electronics,61.92,476
601,clothing-601,clothing,33.91,184
602,books-602,books,15.99,287
603,home-603,home,94.59,126
604,toys-604,toys,99.81,9
605,food-605,food,91.54,225
606,electronics-606,electronics,48.89,225
607,clothing-607,clothing,91.25,15
608,books-608,books,3.53,458
609,home-609,home,92.45,200
610,toys-610,toys,66.52,429
611,food-611,food,19.66,253
612,electronics-612,electronics,53.34,237
613,clothing-613,clothing,88.84,139
614,books-614,books,60.15,78
615,home-615,home,43.31,255
616,toys-616,toys,79.70,372
617,food-617,food,37.53,241
618,electronics-618,electronics,71.58,427
619,clothing-619,clothing,28.20,316
620,books-620,books,95.92,278
621,home-621,home,99.12,355
622,toys-622,toys,29.70,23
623,food-623,food,80.54,156
624,electronics-624,electronics,13.61,66
625,clothing-625,clothing,1.03,99
626,books-626,books,43.40,142
627,home-627,home,27.65,268
628,toys-628,toys,45.56,315
629,food-629,food,84.94,6
630,electronics-630,electronics,22.40,367
631,clothing-631,clothing,60.59,480
632,books-632,books,98.66,361
633,home-633,home,64.16,73
634,toys-634,toys,20.16,286
635,food-635,food,67.51,449
636,electronics-636,electronics,85.76,83
637,clothing-637,clothing,21.83,376
638,books-638,books,73.35,345
639,home-639,home,47.54,137
640,toys-640,toys,73.07,26
641,food-641,food,11.35,304
642,electronics-642,electronics,97.68,400
643,clothing-643,clothing,95.54,215
644,books-644,books,64.28,323
645,home-645,home,66.58,112
646,toys-646,toys,68.93,324
647,food-647,food,89.01,410
648,electronics-648,electronics,92.01,140
649,clothing-649,clothing,53.82,456
650,books-650,books,95.14,444
651,home-651,home,92.87,94
652,toys-652,toys,54.30,1
653,food-653,food,53.52,297
654,electronics-654,electronics,66.04,217
655,clothing-655,clothing,91.07,76
656,books-656,books,43.53,399
657,home-657,home,88.28,41
658,toys-658,toys,54.72,287
659,food-659,food,65.18,338
660,electronics-660,electronics,51.30,121
661,clothing-661,clothing,34.21,69
662,books-662,books,69.17,392
663,home-663,home,93.21,451
664,toys-664,toys,29.50,391
665,food-665,food,20.72,281
666,electronics-666,electronics,49.01,71
667,clothing-667,clothing,38.41,353
668,books-668,books,54.14,235
669,home-669,home,91.06,301
670,toys-670,toys,24.54,236
671,food-671,food,4.02,375
672,electronics-672,electronics,80.83,294
673,clothing-673,clothing,14.64,29
674,books-674,books,29.76,295
675,home-675,home,55.38,368
676,toys-676,toys,22.33,427
677,food-677,food,4.50,173
678,electronics-678,electronics,3.67,413
679,clothing-679,clothing,32.11,89
680,books-680,books,90.75,356
681,home-681,home,97.11,364
682,toys-682,toys,86.08,300
683,food-683,food,9.93,94
684,electronics-684,electronics,59.32,245
685,clothing-685,clothing,38.89,9
686,books-686,books,38.33,492
687,home-687,home,70.75,258
688,toys-688,toys,1.18,95
689,food-689,food,91.95,38
690,electronics-690,electronics,1.41,224
691,clothing-691,clothing,40.70,153
692,books-692,books,32.00,407
693,home-693,home,70.95,130
694,toys-694,toys,32.96,351
695,food-695,food,49.70,331
696,electronics-696,electronics,64.31,153
697,clothing-697,clothing,66.60,203
698,books-698,books,86.53,498
699,home-699,home,20.99,466
700,toys-700,toys,65.36,389
701,food-701,food,98.95,493
702,electronics-702,electronics,14.71,293
703,clothing-703,clothing,55.63,132
704,books-704,books,63.67,465
705,home-705,home,22.75,315
706,toys-706,toys,7.06,111
707,food-707,food,76.99,82
708,electronics-708,electronics,32.49,72
709,clothing-709,clothing,75.26,132
710,books-710,books,9.98,33
711,home-711,home,31.84,438
712,toys-712,toys,60.01,408
713,food-713,food,15.95,143
714,electronics-714,electronics,5.32,424
715,clothing-715,clothing,10.31,265
716,books-716,books,70.69,75
717,home-717,home,93.64,60
718,toys-718,toys,28.13,92
719,food-719,food,38.20,392
720,electronics-720,electronics,51.04,346
721,clothing-721,clothing,26.88,93
722,books-722,books,52.69,45
723,home-723,home,8.78,336
724,toys-724,toys,98.84,337
725,food-725,food,8.89,222
726,electronics-726,electronics,38.26,447
727,clothing-727,clothing,11.84,249
728,books-728,books,49.29,272
729,home-729,home,40.18,291
730,toys-730,toys,32.97,416
731,food-731,food,6.67,365
732,electronics-732,electronics,59.09,109
733,clothing-733,clothing,17.05,6
734,books-734,books,32.98,181
735,home-735,home,42.01,136
736,toys-736,toys,72.44,72
737,food-737,food,76.97,418
738,electronics-738,electronics,80.73,310
739,clothing-739,clothing,81.17,372
740,books-740,books,87.79,51
741,home-741,home,32.07,206
742,toys-742,toys,98.39,92
743,food-743,food,58.41,105
744,electronics-744,electronics,18.52,47
745,clothing-745,clothing,22.75,377
746,books-746,books,71.26,302
747,home-747,home,86.44,124
748,toys-748,toys,77.36,367
749,food-749,food,19.40,16
750,electronics-750,electronics,70.53,131
751,clothing-751,clothing,15.35,405
752,books-752,books,73.77,67
753,home-753,home,8.19,67
754,toys-754,toys,75.54,346
755,food-755,food,23.51,323
756,electronics-756,electronics,95.95,475
757,clothing-757,clothing,98.28,428
758,books-758,books,53.20,144
759,home-759,home,36.49,228
760,toys-760,toys,42.38,144
761,food-761,food,16.11,300
762,electronics-762,electronics,3.93,173
763,clothing-763,clothing,13.90,389
764,books-764,books,70.79,207
765,home-765,home,12.24,127
766,toys-766,toys,17.50,342
767,food-767,food,27.81,83
768,electronics-768,electronics,12.37,406
769,clothing-769,clothing,84.17,488
770,books-770,books,82.30,472
771,home-771,home,5.23,75
772,toys-772,toys,33.44,72
773,food-773,food,96.94,391
774,electronics-774,electronics,53.76,468
775,clothing-775,clothing,15.61,177
776,books-776,books,40.21,400
777,home-777,home,32.15,268
778,toys-778,toys,96.24,108
779,food-779,food,60.88,200
780,electronics-780,electronics,87.74,10
781,clothing-781,clothing,55.56,441
782,books-782,books,17.57,450
783,home-783,home,64.34,112
784,toys-784,toys,25.13,31
785,food-785,food,37.00,479
786,electronics-786,electronics,44.36,472
787,clothing-787,clothing,85.89,45
788,books-788,books,62.84,431
789,home-789,home,98.09,330
790,toys-790,toys,36.83,172
791,food-791,food,46.30,104
792,electronics-792,electronics,67.46,243
793,clothing-793,clothing,59.03,461
794,books-794,books,42.17,481
795,home-795,home,74.04,179
796,toys-796,toys,19.30,96
797,food-797,food,58.18,208
798,electronics-798,electronics,90.02,238
799,clothing-799,clothing,15.91,172
800,books-800,books,14.68,381
801,home-801,home,12.25,335
802,toys-802,toys,44.94,335
803,food-803,food,43.15,423
804,electronics-804,electronics,99.50,52
805,clothing-805,clothing,24.60,477
806,books-806,books,59.01,214
807,home-807,home,42.66,206
808,toys-808,toys,20.09,251
809,food-809,food,36.34,110
810,electronics-810,electronics,54.51,185
811,clothing-811,clothing,87.15,98
812,books-812,books,83.23,156
813,home-813,home,8.39,180
814,toys-814,toys,36.62,209
815,food-815,food,6.16,245
816,electronics-816,electronics,23.65,342
817,clothing-817,clothing,51.44,297
818,books-818,books,98.44,190
819,home-819,home,53.04,377
820,toys-820,toys,49.08,78
821,food-821,food,94.95,276
822,electronics-822,electronics,45.15,181
823,clothing-823,clothing,64.24,111
824,books-824,books,37.73,174
825,home-825,home,74.42,148
826,toys-826,toys,45.65,192
827,food-827,food,51.01,16
828,electronics-828,electronics,70.66,177
829,clothing-829,clothing,34.74,297
830,books-830,books,8.64,303
831,home-831,home,86.45,345
832,toys-832,toys,43.68,405
833,food-833,food,40.96,275
834,electronics-834,electronics,40.45,222
835,clothing-835,clothing,4.24,392
836,books-836,books,37.06,5
837,home-837,home,76.69,409
838,toys-838,toys,93.81,30
839,food-839,food,25.12,234
840,electronics-840,electronics,35.90,287
841,clothing-841,clothing,37.47,123
842,books-842,books,74.83,437
843,home-843,home,74.05,62
844,toys-844,toys,60.18,79
845,food-845,food,27.52,159
846,electronics-846,electronics,51.16,142
847,clothing-847,clothing,43.28,493
848,books-848,books,87.23,91
849,home-849,home,34.21,228
850,toys-850,toys,2.86,460
851,food-851,food,92.35,303
852,electronics-852,electronics,91.41,308
853,clothing-853,clothing,22.02,228
854,books-854,books,89.31,448
855,home-855,home,11.26,394
856,toys-856,toys,36.55,495
857,food-857,food,8.51,406
858,electronics-858,electronics,67.70,483
859,clothing-859,clothing,84.31,317
860,books-860,books,35.35,39
861,home-861,home,25.62,213
862,toys-862,toys,83.87,38
863,food-863,food,14.93,66
864,electronics-864,electronics,38.82,320
865,clothing-865,clothing,15.12,331
866,books-866,books,69.54,426
867,home-867,home,17.68,74
868,toys-868,toys,49.64,67
869,food-869,food,6.07,25
870,electronics-870,electronics,66.97,188
871,clothing-871,clothing,9.42,88
872,books-872,books,17.65,481
873,home-873,home,72.21,63
874,toys-874,toys,12.83,348
875,food-875,food,98.57,176
876,electronics-876,electronics,81.79,71
877,clothing-877,clothing,67.36,316
878,books-878,books,99.97,258
879,home-879,home,11.73,326
880,toys-880,toys,83.11,47
881,food-881,food,70.16,77
882,electronics-882,electronics,78.93,335
883,clothing-883,clothing,74.71,453
884,books-884,books,72.43,223
885,home-885,home,99.17,430
886,toys-886,toys,58.61,77
887,food-887,food,29.07,190
888,electronics-888,electronics,18.31,223
889,clothing-889,clothing,94.65,484
890,books-890,books,20.76,408
891,home-891,home,47.88,273
892,toys-892,toys,3.55,464
893,food-893,food,35.97,337
894,electronics-894,electronics,61.16,55
895,clothing-895,clothing,22.78,69
896,books-896,books,99.20,389
897,home-897,home,74.75,403
898,toys-898,toys,68.35,193
899,food-899,food,10.96,71
900,electronics-900,electronics,41.45,339
901,clothing-901,clothing,25.46,134
902,books-902,books,60.37,465
903,home-903,home,32.65,295
904,toys-904,toys,93.30,43
905,food-905,food,46.07,181
906,electronics-906,electronics,9.61,63
907,clothing-907,clothing,35.75,140
908,books-908,books,3.23,102
909,home-909,home,20.99,112
910,toys-910,toys,39.16,210
911,food-911,food,55.35,427
912,electronics-912,electronics,91.43,29
913,clothing-913,clothing,8.21,497
914,books-914,books,39.83,40
915,home-915,home,76.66,389
916,toys-916,toys,0.27,448
917,food-917,food,21.21,138
918,electronics-918,electronics,79.23,238
919,clothing-919,clothing,29.53,413
920,books-920,books,99.05,27
921,home-921,home,29.84,358
922,toys-922,toys,16.27,237
923,food-923,food,33.43,104
924,electronics-924,electronics,83.01,348
925,clothing-925,clothing,50.99,218
926,books-926,books,92.14,285
927,home-927,home,89.40,423
928,toys-928,toys,42.65,319
929,food-929,food,60.38,204
930,electronics-930,electronics,79.96,31
931,clothing-931,clothing,34.47,234
932,books-932,books,24.78,90
933,home-933,home,24.77,161
934,toys-934,toys,42.94,475
935,food-935,food,13.84,253
936,electronics-936,electronics,70.97,124
937,clothing-937,clothing,90.78,499
938,books-938,books,77.51,67
939,home-939,home,89.29,292
940,toys-940,toys,47.03,156
941,food-941,food,89.93,312
942,electronics-942,electronics,54.15,33
943,clothing-943,clothing,33.95,365
944,books-944,books,54.06,368
945,home-945,home,4.93,323
946,toys-946,toys,34.40,1
947,food-947,food,44.42,483
948,electronics-948,electronics,93.90,454
949,clothing-949,clothing,24.23,285
950,books-950,books,27.98,242
951,home-951,home,14.85,367
952,toys-952,toys,94.24,415
953,food-953,food,50.08,0
954,electronics-954,electronics,38.03,132
955,clothing-955,clothing,40.59,82
956,books-956,books,90.07,496
957,home-957,home,95.63,406
958,toys-958,toys,23.95,334
959,food-959,food,19.80,445
960,electronics-960,electronics,56.25,193
961,clothing-961,clothing,38.14,488
962,books-962,books,43.17,245
963,home-963,home,28.87,407
964,toys-964,toys,60.99,381
965,food-965,food,81.38,465
966,electronics-966,electronics,48.14,7
967,clothing-967,clothing,32.33,14
968,books-968,books,27.93,496
969,home-969,home,71.72,315
970,toys-970,toys,61.42,167
971,food-971,food,82.66,205
972,electronics-972,electronics,39.22,149
973,clothing-973,clothing,93.13,208
974,books-974,books,44.86,140
975,home-975,home,41.69,429
976,toys-976,toys,8.46,386
977,food-977,food,94.39,255
978,electronics-978,electronics,83.16,497
979,clothing-979,clothing,77.26,73
980,books-980,books,49.43,419
981,home-981,home,75.81,474
982,toys-982,toys,23.14,415
983,food-983,food,28.53,51
984,electronics-984,electronics,85.93,375
985,clothing-985,clothing,37.79,401
986,books-986,books,43.44,226
987,home-987,home,70.19,173
988,toys-988,toys,91.74,198
989,food-989,food,59.66,64
990,electronics-990,electronics,87.94,169
991,clothing-991,clothing,67.02,195
992,books-992,books,78.46,102
993,home-993,home,70.49,64
994,toys-994,toys,58.70,74
995,food-995,food,47.06,231
996,electronics-996,electronics,6.95,478
997,clothing-997,clothing,17.39,95
998,books-998,books,81.81,372
999,home-999,home,19.72,234
1000,toys-1000,toys,30.04,168
1001,food-1001,food,80.00,426
1002,electronics-1002,electronics,0.42,108
1003,clothing-1003,clothing,50.10,323
1004,books-1004,books,8.47,490
1005,home-1005,home,92.10,85
1006,toys-1006,toys,74.44,68
1007,food-1007,food,62.04,445
1008,electronics-1008,electronics,46.42,67
1009,clothing-1009,clothing,26.30,178
1010,books-1010,books,16.85,411
1011,home-1011,home,1.81,332
1012,toys-1012,toys,73.58,238
1013,food-1013,food,62.72,42
1014,electronics-1014,electronics,89.41,370
1015,clothing-1015,clothing,8.61,3
1016,books-1016,books,19.97,488
1017,home-1017,home,3.66,391
1018,toys-1018,toys,37.95,455
1019,food-1019,food,68.55,240
1020,electronics-1020,electronics,44.66,253
1021,clothing-1021,clothing,16.00,188
1022,books-1022,books,35.99,327
1023,home-1023,home,70.05,456
1024,toys-1024,toys,85.27,340
1025,food-1025,food,34.83,382
1026,electronics-1026,electronics,76.45,94
1027,clothing-1027,clothing,74.89,453
1028,books-1028,books,85.74,247
1029,home-1029,home,57.25,74
1030,toys-1030,toys,31.24,192
1031,food-1031,food,65.05,304
1032,electronics-1032,electronics,27.82,100
1033,clothing-1033,clothing,84.03,311
1034,books-1034,books,43.78,243
1035,home-1035,home,7.12,477
1036,toys-1036,toys,71.94,208
1037,food-1037,food,9.88,495
1038,electronics-1038,electronics,81.95,280
1039,clothing-1039,clothing,57.75,470
1040,books-1040,books,25.32,167
1041,home-1041,home,59.22,242
1042,toys-1042,toys,93.37,392
1043,food-1043,food,99.23,30
1044,electronics-1044,electronics,98.77,372
1045,clothing-1045,clothing,56.61,269
1046,books-1046,books,60.76,471
1047,home-1047,home,84.91,93
1048,toys-1048,toys,84.03,278
1049,food-1049,food,48.20,476
1050,electronics-1050,electronics,41.92,494
1051,clothing-1051,clothing,10.05,14
1052,books-1052,books,52.20,293
1053,home-1053,home,94.16,101
1054,toys-1054,toys,5.32,414
1055,food-1055,food,60.57,225
1056,electronics-1056,electronics,52.77,336
1057,clothing-1057,clothing,67.84,352
1058,books-1058,books,45.17,299
1059,home-1059,home,49.73,321
1060,toys-1060,toys,98.45,193
1061,food-1061,food,68.03,291
1062,electronics-1062,electronics,4.41,249
1063,clothing-1063,clothing,52.66,107
1064,books-1064,books,39.96,364
1065,home-1065,home,72.24,32
1066,toys-1066,toys,72.48,360
1067,food-1067,food,25.18,447
1068,electronics-1068,electronics,25.06,366
1069,clothing-1069,clothing,81.35,307
1070,books-1070,books,82.87,394
1071,home-1071,home,60.52,301
1072,toys-1072,toys,29.83,143
1073,food-1073,food,68.05,298
1074,electronics-1074,electronics,96.29,424
1075,clothing-1075,clothing,88.91,409
1076,books-1076,books,97.03,486
1077,home-1077,home,89.35,242
1078,toys-1078,toys,14.46,485
1079,food-1079,food,28.84,153
1080,electronics-1080,electronics,17.78,92
1081,clothing-1081,clothing,66.32,447
1082,books-1082,books,25.19,217
1083,home-1083,home,96.82,161
1084,toys-1084,toys,20.79,364
1085,food-1085,food,22.81,273
1086,electronics-1086,electronics,42.69,396
1087,clothing-1087,clothing,5.10,3
1088,books-1088,books,5.32,417
1089,home-1089,home,69.30,359
1090,toys-1090,toys,35.35,421
1091,food-1091,food,72.56,43
1092,electronics-1092,electronics,31.32,396
1093,clothing-1093,clothing,68.07,247
1094,books-1094,books,74.44,241
1095,home-1095,home,32.42,43
1096,toys-1096,toys,70.16,397
1097,food-1097,food,9.26,432
1098,electronics-1098,electronics,99.67,479
1099,clothing-1099,clothing,73.93,353
1100,books-1100,books,50.66,174
1101,home-1101,home,76.47,345
1102,toys-1102,toys,34.77,104
1103,food-1103,food,0.25,476
1104,electronics-1104,electronics,75.87,245
1105,clothing-1105,clothing,46.13,252
1106,books-1106,books,95.59,168
1107,home-1107,home,77.16,123
1108,toys-1108,toys,73.83,187
1109,food-1109,food,37.28,61
1110,electronics-1110,electronics,1.95,291
1111,clothing-1111,clothing,64.91,129
1112,books-1112,books,32.95,490
1113,home-1113,home,30.51,236
1114,toys-1114,toys,61.79,82
1115,food-1115,food,82.18,90
1116,electronics-1116,electronics,96.73,123
1117,clothing-1117,clothing,59.55,218
1118,books-1118,books,54.48,157
1119,home-1119,home,30.40,389
1120,toys-1120,toys,65.19,135
1121,food-1121,food,99.10,164
1122,electronics-1122,electronics,73.51,53
1123,clothing-1123,clothing,0.41,224
1124,books-1124,books,6.84,382
1125,home-1125,home,49.58,30
1126,toys-1126,toys,11.74,109
1127,food-1127,food,11.84,174
1128,electronics-1128,electronics,38.80,465
1129,clothing-1129,clothing,32.64,151
1130,books-1130,books,36.25,338
1131,home-1131,home,78.63,323
1132,toys-1132,toys,94.02,321
1133,food-1133,food,83.44,261
1134,electronics-1134,electronics,1.09,456
1135,clothing-1135,clothing,55.93,318
1136,books-1136,books,38.07,411
1137,home-1137,home,2.99,430
1138,toys-1138,toys,81.55,30
1139,food-1139,food,69.32,148
1140,electronics-1140,electronics,94.50,136
1141,clothing-1141,clothing,58.04,363
1142,books-1142,books,1.56,21
1143,home-1143,home,85.18,141
1144,toys-1144,toys,8.54,240
1145,food-1145,food,83.55,400
1146,electronics-1146,electronics,69.22,222
1147,clothing-1147,clothing,12.23,177
1148,books-1148,books,79.88,122
1149,home-1149,home,35.10,236
1150,toys-1150,toys,15.88,316
1151,food-1151,food,83.28,193
1152,electronics-1152,electronics,57.76,162
1153,clothing-1153,clothing,18.29,129
1154,books-1154,books,6.49,109
1155,home-1155,home,68.08,26
1156,toys-1156,toys,92.65,396
1157,food-1157,food,60.90,142
1158,electronics-1158,electronics,7.68,346
1159,clothing-1159,clothing,25.89,364
1160,books-1160,books,39.96,133
1161,home-1161,home,19.40,294
1162,toys-1162,toys,16.67,433
1163,food-1163,food,64.45,93
1164,electronics-1164,electronics,6.52,495
1165,clothing-1165,clothing,93.86,424
1166,books-1166,books,24.64,3
1167,home-1167,home,94.96,169
1168,toys-1168,toys,27.02,45
1169,food-1169,food,67.48,84
1170,electronics-1170,electronics,21.43,272
1171,clothing-1171,clothing,95.13,217
1172,books-1172,books,17.41,105
1173,home-1173,home,63.80,122
1174,toys-1174,toys,28.01,222
1175,food-1175,food,76.01,134
1176,electronics-1176,electronics,2.79,355
1177,clothing-1177,clothing,81.24,68
1178,books-1178,books,22.27,201
1179,home-1179,home,23.81,130
1180,toys-1180,toys,32.77,421
1181,food-1181,food,34.38,371
1182,electronics-1182,electronics,16.19,380
1183,clothing-1183,clothing,17.16,434
1184,books-1184,books,46.05,129
1185,home-1185,home,94.05,140
1186,toys-1186,toys,2.85,432
1187,food-1187,food,59.88,204
1188,electronics-1188,electronics,84.31,493
1189,clothing-1189,clothing,37.19,327
1190,books-1190,books,15.59,81
1191,home-1191,home,96.53,259
1192,toys-1192,toys,77.24,205
1193,food-1193,food,56.11,228
1194,electronics-1194,electronics,29.37,274
1195,clothing-1195,clothing,81.72,33
1196,books-1196,books,6.93,179
1197,home-1197,home,93.51,405
1198,toys-1198,toys,93.23,449
1199,food-1199,food,88.06,178
1200,electronics-1200,electronics,24.78,19
1201,clothing-1201,clothing,40.50,46
1202,books-1202,books,27.12,272
1203,home-1203,home,30.81,244
1204,toys-1204,toys,87.65,42
1205,food-1205,food,9.44,327
1206,electronics-1206,electronics,42.70,257
1207,clothing-1207,clothing,36.13,420
1208,books-1208,books,55.47,189
1209,home-1209,home,99.85,411
1210,toys-1210,toys,35.56,341
1211,food-1211,food,3.74,305
1212,electronics-1212,electronics,47.00,234
1213,clothing-1213,clothing,64.37,55
1214,books-1214,books,40.98,351
1215,home-1215,home,81.18,133
1216,toys-1216,toys,11.67,287
1217,food-1217,food,92.22,362
1218,electronics-1218,electronics,87.21,280
1219,clothing-1219,clothing,40.04,406
1220,books-1220,books,40.23,145
1221,home-1221,home,48.95,138
1222,toys-1222,toys,22.35,470
1223,food-1223,food,20.89,409
1224,electronics-1224,electronics,30.09,202
1225,clothing-1225,clothing,32.14,41
1226,books-1226,books,71.28,123
1227,home-1227,home,51.77,242
1228,toys-1228,toys,47.25,28
1229,food-1229,food,95.68,179
1230,electronics-1230,electronics,17.86,388
1231,clothing-1231,clothing,1.08,291
1232,books-1232,books,92.52,116
1233,home-1233,home,49.53,29
1234,toys-1234,toys,18.12,382
1235,food-1235,food,10.39,465
1236,electronics-1236,electronics,91.99,173
1237,clothing-1237,clothing,44.01,49
1238,books-1238,books,69.15,325
1239,home-1239,home,4.68,244
1240,toys-1240,toys,7.18,95
1241,food-1241,food,39.75,323
1242,electronics-1242,electronics,97.61,412
1243,clothing-1243,clothing,19.15,340
1244,books-1244,books,33.49,460
1245,home-1245,home,4.89,244
1246,toys-1246,toys,96.74,29
1247,food-1247,food,23.27,327
1248,electronics-1248,electronics,22.38,135
1249,clothing-1249,clothing,72.99,78
1250,books-1250,books,46.48,69
1251,home-1251,home,21.38,142
1252,toys-1252,toys,36.86,153
1253,food-1253,food,78.70,343
1254,electronics-1254,electronics,10.69,193
1255,clothing-1255,clothing,75.53,73
1256,books-1256,books,39.26,45
1257,home-1257,home,15.03,151
1258,toys-1258,toys,38.82,93
1259,food-1259,food,39.71,325
1260,electronics-1260,electronics,60.36,255
1261,clothing-1261,clothing,67.02,126
1262,books-1262,books,58.42,49
1263,home-1263,home,0.14,368
1264,toys-1264,toys,10.49,61
1265,food-1265,food,2.92,327
1266,electronics-1266,electronics,28.34,467
1267,clothing-1267,clothing,24.96,138
1268,books-1268,books,67.22,414
1269,home-1269,home,34.41,205
1270,toys-1270,toys,11.52,63
1271,food-1271,food,52.75,180
1272,electronics-1272,electronics,56.05,268
1273,clothing-1273,clothing,30.40,236
1274,books-1274,books,75.40,388
1275,home-1275,home,51.91,316
1276,toys-1276,toys,11.00,439
1277,food-1277,food,49.08,140
1278,electronics-1278,electronics,77.91,230
1279,clothing-1279,clothing,84.68,444
1280,books-1280,books,41.63,289
1281,home-1281,home,40.59,309
1282,toys-1282,toys,26.80,181
1283,food-1283,food,95.30,56
1284,electronics-1284,electronics,60.16,147
1285,clothing-1285,clothing,5.41,447
1286,books-1286,books,34.73,263
1287,home-1287,home,82.87,97
1288,toys-1288,toys,16.82,146
1289,food-1289,food,49.50,249
1290,electronics-1290,electronics,64.55,438
1291,clothing-1291,clothing,44.00,187
1292,books-1292,books,92.92,416
1293,home-1293,home,34.77,86
1294,toys-1294,toys,38.49,39
1295,food-1295,food,67.51,235
1296,electronics-1296,electronics,70.00,80
1297,clothing-1297,clothing,73.13,126
1298,books-1298,books,8.70,269
1299,home-1299,home,83.40,276
1300,toys-1300,toys,80.64,373
1301,food-1301,food,26.13,499
1302,electronics-1302,electronics,33.83,158
1303,clothing-1303,clothing,7.17,228
1304,books-1304,books,33.91,216
1305,home-1305,home,62.77,113
1306,toys-1306,toys,21.50,434
1307,food-1307,food,42.69,273
1308,electronics-1308,electronics,61.14,443
1309,clothing-1309,clothing,61.82,111
1310,books-1310,books,4.64,165
1311,home-1311,home,62.39,162
1312,toys-1312,toys,55.00,421
1313,food-1313,food,90.63,25
1314,electronics-1314,electronics,72.38,265
1315,clothing-1315,clothing,27.09,398
1316,books-1316,books,8.63,71
1317,home-1317,home,3.86,471
1318,toys-1318,toys,44.98,285
1319,food-1319,food,91.20,53
1320,electronics-1320,electronics,37.21,130
1321,clothing-1321,clothing,69.11,218
1322,books-1322,books,54.16,96
1323,home-1323,home,85.54,298
1324,toys-1324,toys,8.08,67
1325,food-1325,food,74.86,120
1326,electronics-1326,electronics,28.24,290
1327,clothing-1327,clothing,41.51,383
1328,books-1328,books,16.94,499
1329,home-1329,home,21.67,213
1330,toys-1330,toys,92.72,253
1331,food-1331,food,67.76,56
1332,electronics-1332,electronics,22.47,16
1333,clothing-1333,clothing,68.88,486
1334,books-1334,books,9.97,386
1335,home-1335,home,2.35,432
1336,toys-1336,toys,86.13,181
1337,food-1337,food,48.24,466
1338,electronics-1338,electronics,26.95,178
1339,clothing-1339,clothing,90.09,428
1340,books-1340,books,47.84,126
1341,home-1341,home,54.83,210
1342,toys-1342,toys,38.19,24
1343,food-1343,food,90.37,195
1344,electronics-1344,electronics,50.22,84
1345,clothing-1345,clothing,72.50,51
1346,books-1346,books,61.39,472
1347,home-1347,home,12.73,217
1348,toys-1348,toys,46.37,23
1349,food-1349,food,61.39,169
1350,electronics-1350,electronics,29.86,255
1351,clothing-1351,clothing,16.39,178
1352,books-1352,books,82.71,324
1353,home-1353,home,48.86,124
1354,toys-1354,toys,75.75,59
1355,food-1355,food,17.23,82
1356,electronics-1356,electronics,33.20,355
1357,clothing-1357,clothing,70.16,71
1358,books-1358,books,67.49,495
1359,home-1359,home,94.65,355
1360,toys-1360,toys,32.81,193
1361,food-1361,food,30.69,318
1362,electronics-1362,electronics,0.25,372
1363,clothing-1363,clothing,52.53,479
1364,books-1364,books,38.60,65
1365,home-1365,home,62.12,342
1366,toys-1366,toys,5.65,301
1367,food-1367,food,87.82,311
1368,electronics-1368,electronics,74.18,499
1369,clothing-1369,clothing,53.51,24
1370,books-1370,books,34.65,405
1371,home-1371,home,82.51,319
1372,toys-1372,toys,60.24,94
1373,food-1373,food,10.32,314
1374,electronics-1374,electronics,24.38,250
1375,clothing-1375,clothing,30.03,121
1376,books-1376,books,67.44,205
1377,home-1377,home,96.99,483
1378,toys-1378,toys,73.45,211
1379,food-1379,food,78.23,428
1380,electronics-1380,electronics,37.18,53
1381,clothing-1381,clothing,32.19,491
1382,books-1382,books,14.94,468
1383,home-1383,home,26.43,217
1384,toys-1384,toys,90.54,434
1385,food-1385,food,60.47,105
1386,electronics-1386,electronics,13.92,437
1387,clothing-1387,clothing,65.92,71
1388,books-1388,books,43.44,411
1389,home-1389,home,15.60,246
1390,toys-1390,toys,53.12,364
1391,food-1391,food,67.38,43
1392,electronics-1392,electronics,96.44,430
1393,clothing-1393,clothing,40.76,15
1394,books-1394,books,13.18,127
1395,home-1395,home,75.52,186
1396,toys-1396,toys,72.93,24
1397,food-1397,food,50.60,48
1398,electronics-1398,electronics,20.89,118
1399,clothing-1399,clothing,87.10,216
1400,books-1400,books,77.71,137
1401,home-1401,home,1.67,427
1402,toys-1402,toys,55.55,166
1403,food-1403,food,69.64,110
1404,electronics-1404,electronics,9.96,428
1405,clothing-1405,clothing,91.43,157
1406,books-1406,books,91.94,49
1407,home-1407,home,38.54,381
1408,toys-1408,toys,30.46,61
1409,food-1409,food,7.11,168
1410,electronics-1410,electronics,20.09,55
1411,clothing-1411,clothing,94.88,266
1412,books-1412,books,62.03,93
1413,home-1413,home,77.48,359
1414,toys-1414,toys,27.47,160
1415,food-1415,food,82.63,315
1416,electronics-1416,electronics,67.55,40
1417,clothing-1417,clothing,1.72,467
1418,books-1418,books,1.36,267
1419,home-1419,home,47.31,143
1420,toys-1420,toys,24.30,13
1421,food-1421,food,29.42,263
1422,electronics-1422,electronics,75.71,17
1423,clothing-1423,clothing,91.03,207
1424,books-1424,books,99.86,367
1425,home-1425,home,21.61,269
1426,toys-1426,toys,27.86,235
1427,food-1427,food,96.47,447
1428,electronics-1428,electronics,28.82,74
1429,clothing-1429,clothing,16.50,2
1430,books-1430,books,86.06,310
1431,home-1431,home,77.20,431
1432,toys-1432,toys,94.49,497
1433,food-1433,food,98.87,339
1434,electronics-1434,electronics,68.04,334
1435,clothing-1435,clothing,55.21,187
1436,books-1436,books,26.18,498
1437,home-1437,home,87.17,89
1438,toys-1438,toys,99.48,234
1439,food-1439,food,85.90,296
1440,electronics-1440,electronics,20.57,85
1441,clothing-1441,clothing,80.50,114
1442,books-1442,books,69.96,114
1443,home-1443,home,5.14,54
1444,toys-1444,toys,76.00,131
1445,food-1445,food,55.85,100
1446,electronics-1446,electronics,21.34,179
1447,clothing-1447,clothing,71.36,260
1448,books-1448,books,26.76,173
1449,home-1449,home,22.88,3
1450,toys-1450,toys,32.67,288
1451,food-1451,food,8.33,287
1452,electronics-1452,electronics,58.88,285
1453,clothing-1453,clothing,63.26,313
1454,books-1454,books,85.40,148
1455,home-1455,home,20.34,66
1456,toys-1456,toys,7.46,236
1457,food-1457,food,75.24,371
1458,electronics-1458,electronics,87.21,339
1459,clothing-1459,clothing,75.40,294
1460,books-1460,books,32.94,248
1461,home-1461,home,34.47,392
1462,toys-1462,toys,29.98,138
1463,food-1463,food,97.30,116
1464,electronics-1464,electronics,87.11,230
1465,clothing-1465,clothing,22.14,122
1466,books-1466,books,86.09,245
1467,home-1467,home,31.34,148
1468,toys-1468,toys,71.16,268
1469,food-1469,food,31.83,41
1470,electronics-1470,electronics,34.16,349
1471,clothing-1471,clothing,68.34,228
1472,books-1472,books,43.52,157
1473,home-1473,home,23.68,40
1474,toys-1474,toys,2.71,143
1475,food-1475,food,27.16,95
1476,electronics-1476,electronics,83.41,155
1477,clothing-1477,clothing,47.57,353
1478,books-1478,books,65.35,98
1479,home-1479,home,21.15,267
1480,toys-1480,toys,90.49,99
1481,food-1481,food,17.23,409
1482,electronics-1482,electronics,98.20,221
1483,clothing-1483,clothing,57.21,365
1484,books-1484,books,95.73,44
1485,home-1485,home,81.22,385
1486,toys-1486,toys,63.78,302
1487,food-1487,food,94.39,56
1488,electronics-1488,electronics,67.93,233
1489,clothing-1489,clothing,86.72,73
1490,books-1490,books,66.57,222
1491,home-1491,home,35.01,491
1492,toys-1492,toys,16.33,351
1493,food-1493,food,7.55,304
1494,electronics-1494,electronics,60.19,24
1495,clothing-1495,clothing,54.54,337
1496,books-1496,books,0.13,243
1497,home-1497,home,37.69,342
1498,toys-1498,toys,40.67,129
1499,food-1499,food,45.80,489
1500,electronics-1500,electronics,45.26,117
1501,clothing-1501,clothing,98.41,480
1502,books-1502,books,56.25,182
1503,home-1503,home,88.04,44
1504,toys-1504,toys,74.74,315
1505,food-1505,food,51.99,0
1506,electronics-1506,electronics,77.59,196
1507,clothing-1507,clothing,83.22,37
1508,books-1508,books,69.00,230
1509,home-1509,home,89.29,226
1510,toys-1510,toys,92.13,477
1511,food-1511,food,90.68,100
1512,electronics-1512,electronics,35.75,362
1513,clothing-1513,clothing,43.54,110
1514,books-1514,books,39.70,89
1515,home-1515,home,18.54,59
1516,toys-1516,toys,83.19,73
1517,food-1517,food,42.43,163
1518,electronics-1518,electronics,82.89,194
1519,clothing-1519,clothing,70.20,371
1520,books-1520,books,17.58,67
1521,home-1521,home,40.78,186
1522,toys-1522,toys,55.66,37
1523,food-1523,food,99.28,121
1524,electronics-1524,electronics,3.07,413
1525,clothing-1525,clothing,27.50,123
1526,books-1526,books,44.67,461
1527,home-1527,home,88.49,436
1528,toys-1528,toys,96.82,131
1529,food-1529,food,53.06,105
1530,electronics-1530,electronics,40.56,307
1531,clothing-1531,clothing,34.99,12
1532,books-1532,books,97.31,466
1533,home-1533,home,33.94,31
1534,toys-1534,toys,2.14,147
1535,food-1535,food,45.58,176
1536,electronics-1536,electronics,91.99,211
1537,clothing-1537,clothing,32.45,91
1538,books-1538,books,66.44,132
1539,home-1539,home,60.83,190
1540,toys-1540,toys,7.43,389
1541,food-1541,food,81.78,348
1542,electronics-1542,electronics,39.52,234
1543,clothing-1543,clothing,46.16,414
1544,books-1544,books,47.31,373
1545,home-1545,home,91.72,45
1546,toys-1546,toys,16.56,405
1547,food-1547,food,23.28,39
1548,electronics-1548,electronics,29.29,64
1549,clothing-1549,clothing,56.54,369
1550,books-1550,books,87.32,490
1551,home-1551,home,87.88,180
1552,toys-1552,toys,95.95,318
1553,food-1553,food,80.08,436
1554,electronics-1554,electronics,83.91,92
1555,clothing-1555,clothing,70.40,10
1556,books-1556,books,15.62,447
1557,home-1557,home,43.69,468
1558,toys-1558,toys,39.87,416
1559,food-1559,food,59.56,299
1560,electronics-1560,electronics,10.14,348
1561,clothing-1561,clothing,68.98,140
1562,books-1562,books,76.46,447
1563,home-1563,home,18.55,417
1564,toys-1564,toys,13.28,334
1565,food-1565,food,65.04,73
1566,electronics-1566,electronics,22.92,116
1567,clothing-1567,clothing,64.72,417
1568,books-1568,books,40.60,373
1569,home-1569,home,22.78,390
1570,toys-1570,toys,12.53,134
1571,food-1571,food,60.56,81
1572,electronics-1572,electronics,83.33,313
1573,clothing-1573,clothing,88.28,363
1574,books-1574,books,56.25,219
1575,home-1575,home,96.97,20
1576,toys-1576,toys,64.74,165
1577,food-1577,food,83.41,100
1578,electronics-1578,electronics,64.44,450
1579,clothing-1579,clothing,77.64,170
1580,books-1580,books,27.96,491
1581,home-1581,home,65.99,386
1582,toys-1582,toys,88.19,172
1583,food-1583,food,32.65,362
1584,electronics-1584,electronics,49.40,60
1585,clothing-1585,clothing,83.17,218
1586,books-1586,books,41.57,63
1587,home-1587,home,20.84,29
1588,toys-1588,toys,96.98,153
1589,food-1589,food,90.22,146
1590,electronics-1590,electronics,12.86,211
1591,clothing-1591,clothing,1.07,246
1592,books-1592,books,72.86,19
1593,home-1593,home,17.03,255
1594,toys-1594,toys,38.49,286
1595,food-1595,food,25.25,66
1596,electronics-1596,electronics,2.01,185
1597,clothing-1597,clothing,18.75,90
1598,books-1598,books,89.48,41
1599,home-1599,home,54.02,171
1600,toys-1600,toys,34.62,82
1601,food-1601,food,54.42,395
1602,electronics-1602,electronics,54.68,112
1603,clothing-1603,clothing,61.25,84
1604,books-1604,books,69.08,137
1605,home-1605,home,24.97,293
1606,toys-1606,toys,86.16,387
1607,food-1607,food,62.66,239
1608,electronics-1608,electronics,63.23,165
1609,clothing-1609,clothing,47.50,231
1610,books-1610,books,4.74,192
1611,home-1611,home,3.68,464
1612,toys-1612,toys,34.10,133
1613,food-1613,food,92.02,395
1614,electronics-1614,electronics,34.63,169
1615,clothing-1615,clothing,55.10,437
1616,books-1616,books,50.96,7
1617,home-1617,home,91.49,462
1618,toys-1618,toys,0.73,370
1619,food-1619,food,57.99,270
1620,electronics-1620,electronics,69.92,114
1621,clothing-1621,clothing,13.00,411
1622,books-1622,books,61.63,394
1623,home-1623,home,50.49,121
1624,toys-1624,toys,55.00,175
1625,food-1625,food,19.43,100
1626,electronics-1626,electronics,12.73,351
1627,clothing-1627,clothing,4.94,283
1628,books-1628,books,98.27,198
1629,home-1629,home,22.59,279
1630,toys-1630,toys,11.11,373
1631,food-1631,food,79.87,124
1632,electronics-1632,electronics,54.87,472
1633,clothing-1633,clothing,27.40,280
1634,books-1634,books,9.79,238
1635,home-1635,home,21.44,380
1636,toys-1636,toys,32.14,438
1637,food-1637,food,49.46,260
1638,electronics-1638,electronics,27.47,18
1639,clothing-1639,clothing,79.40,9
1640,books-1640,books,15.73,369
1641,home-1641,home,85.76,266
1642,toys-1642,toys,68.52,366
1643,food-1643,food,87.24,200
1644,electronics-1644,electronics,4.03,6
1645,clothing-1645,clothing,52.70,125
1646,books-1646,books,51.35,442
1647,home-1647,home,84.17,450
1648,toys-1648,toys,20.29,424
1649,food-1649,food,57.48,44
1650,electronics-1650,electronics,44.98,370
1651,clothing-1651,clothing,83.01,314
1652,books-1652,books,96.38,418
1653,home-1653,home,50.57,6
1654,toys-1654,toys,63.20,435
1655,food-1655,food,22.96,139
1656,electronics-1656,electronics,33.98,494
1657,clothing-1657,clothing,96.34,295
1658,books-1658,books,64.70,98
1659,home-1659,home,20.31,389
1660,toys-1660,toys,63.11,164
1661,food-1661,food,32.38,28
1662,electronics-1662,electronics,6.13,151
1663,clothing-1663,clothing,90.56,149
1664,books-1664,books,19.87,81
1665,home-1665,home,71.73,381
1666,toys-1666,toys,47.57,143
1667,food-1667,food,60.28,291
1668,electronics-1668,electronics,45.98,117
1669,clothing-1669,clothing,28.72,258
1670,books-1670,books,40.27,338
1671,home-1671,home,98.16,103
1672,toys-1672,toys,87.63,1
1673,food-1673,food,24.04,193
1674,electronics-1674,electronics,79.19,11
1675,clothing-1675,clothing,17.38,0
1676,books-1676,books,7.41,11
1677,home-1677,home,73.62,418
1678,toys-1678,toys,65.08,7
1679,food-1679,food,4.85,324
1680,electronics-1680,electronics,77.21,478
1681,clothing-1681,clothing,89.71,63
1682,books-1682,books,99.81,460
1683,home-1683,home,37.46,457
1684,toys-1684,toys,59.39,284
1685,food-1685,food,99.91,313
1686,electronics-1686,electronics,4.63,263
1687,clothing-1687,clothing,35.67,256
1688,books-1688,books,70.19,56
1689,home-1689,home,65.60,165
1690,toys-1690,toys,90.67,89
1691,food-1691,food,55.95,431
1692,electronics-1692,electronics,66.10,430
1693,clothing-1693,clothing,91.20,258
1694,books-1694,books,2.68,376
1695,home-1695,home,69.49,247
1696,toys-1696,toys,43.01,117
1697,food-1697,food,0.56,316
1698,electronics-1698,electronics,95.41,25
1699,clothing-1699,clothing,44.72,440
1700,books-1700,books,20.60,286
1701,home-1701,home,21.19,255
1702,toys-1702,toys,54.94,119
1703,food-1703,food,82.51,133
1704,electronics-1704,electronics,17.18,99
1705,clothing-1705,clothing,70.25,215
1706,books-1706,books,24.93,261
1707,home-1707,home,93.98,306
1708,toys-1708,toys,58.71,384
1709,food-1709,food,1.59,487
1710,electronics-1710,electronics,24.97,235
1711,clothing-1711,clothing,23.38,463
1712,books-1712,books,54.17,312
1713,home-1713,home,2.41,407
1714,toys-1714,toys,87.66,467
1715,food-1715,food,65.73,427
1716,electronics-1716,electronics,35.29,307
1717,clothing-1717,clothing,55.58,211
1718,books-1718,books,73.02,42
1719,home-1719,home,0.24,433
1720,toys-1720,toys,53.04,89
1721,food-1721,food,56.48,155
1722,electronics-1722,electronics,76.87,267
1723,clothing-1723,clothing,52.50,302
1724,books-1724,books,2.54,341
1725,home-1725,home,8.44,42
1726,toys-1726,toys,99.63,279
1727,food-1727,food,31.55,423
1728,electronics-1728,electronics,34.34,496
1729,clothing-1729,clothing,33.40,416
1730,books-1730,books,85.30,356
1731,home-1731,home,36.70,211
1732,toys-1732,toys,85.63,185
1733,food-1733,food,70.92,19
1734,electronics-1734,electronics,44.05,60
1735,clothing-1735,clothing,12.84,462
1736,books-1736,books,43.23,37
1737,home-1737,home,53.73,294
1738,toys-1738,toys,7.49,146
1739,food-1739,food,77.78,27
1740,electronics-1740,electronics,66.95,110
1741,clothing-1741,clothing,81.61,387
1742,books-1742,books,10.09,439
1743,home-1743,home,78.15,341
1744,toys-1744,toys,72.93,8
1745,food-1745,food,0.25,340
1746,electronics-1746,electronics,87.58,40
1747,clothing-1747,clothing,31.44,64
1748,books-1748,books,30.38,41
1749,home-1749,home,86.29,41
1750,toys-1750,toys,3.83,163
1751,food-1751,food,77.57,442
1752,electronics-1752,electronics,51.52,435
1753,clothing-1753,clothing,54.22,328
1754,books-1754,books,41.29,336
1755,home-1755,home,9.11,103
1756,toys-1756,toys,11.52,428
1757,food-1757,food,33.29,140
1758,electronics-1758,electronics,54.63,389
1759,clothing-1759,clothing,25.54,415
1760,books-1760,books,3.15,160
1761,home-1761,home,15.52,305
1762,toys-1762,toys,10.91,211
1763,food-1763,food,94.65,118
1764,electronics-1764,electronics,51.24,478
1765,clothing-1765,clothing,12.64,356
1766,books-1766,books,0.81,227
1767,home-1767,home,34.38,308
1768,toys-1768,toys,98.37,30
1769,food-1769,food,7.80,284
1770,electronics-1770,electronics,52.21,111
1771,clothing-1771,clothing,58.35,33
1772,books-1772,books,48.37,468
1773,home-1773,home,3.02,264
1774,toys-1774,toys,90.33,339
1775,food-1775,food,67.43,357
1776,electronics-1776,electronics,63.40,165
1777,clothing-1777,clothing,96.65,462
1778,books-1778,books,7.57,290
1779,home-1779,home,96.67,355
1780,toys-1780,toys,89.61,448
1781,food-1781,food,2.02,315
1782,electronics-1782,electronics,93.34,461
1783,clothing-1783,clothing,44.74,174
1784,books-1784,books,90.11,199
1785,home-1785,home,21.51,423
1786,toys-1786,toys,15.74,257
1787,food-1787,food,25.58,251
1788,electronics-1788,electronics,37.96,223
1789,clothing-1789,clothing,4.66,478
1790,books-1790,books,77.10,144
1791,home-1791,home,49.71,68
1792,toys-1792,toys,73.92,313
1793,food-1793,food,77.08,102
1794,electronics-1794,electronics,66.29,34
1795,clothing-1795,clothing,68.07,284
1796,books-1796,books,41.85,46
1797,home-1797,home,57.25,313
1798,toys-1798,toys,89.90,478
1799,food-1799,food,38.13,177
1800,electronics-1800,electronics,93.63,116
1801,clothing-1801,clothing,87.53,58
1802,books-1802,books,19.54,50
1803,home-1803,home,84.19,426
1804,toys-1804,toys,23.01,124
1805,food-1805,food,64.91,180
1806,electronics-1806,electronics,76.86,407
1807,clothing-1807,clothing,6.51,427
1808,books-1808,books,44.78,304
1809,home-1809,home,29.10,493
1810,toys-1810,toys,46.78,187
1811,food-1811,food,96.46,398
1812,electronics-1812,electronics,60.94,368
1813,clothing-1813,clothing,10.24,15
1814,books-1814,books,33.98,487
1815,home-1815,home,69.76,438
1816,toys-1816,toys,72.60,371
1817,food-1817,food,15.77,354
1818,electronics-1818,electronics,1.94,358
1819,clothing-1819,clothing,5.77,16
1820,books-1820,books,7.85,273
1821,home-1821,home,87.31,447
1822,toys-1822,toys,81.53,35
1823,food-1823,food,36.11,293
1824,electronics-1824,electronics,29.50,243
1825,clothing-1825,clothing,56.39,32
1826,books-1826,books,34.52,58
1827,home-1827,home,66.11,485
1828,toys-1828,toys,81.41,9
1829,food-1829,food,31.14,302
1830,electronics-1830,electronics,15.78,283
1831,clothing-1831,clothing,28.07,430
1832,books-1832,books,41.67,412
1833,home-1833,home,4.35,60
1834,toys-1834,toys,85.69,24
1835,food-1835,food,39.58,272
1836,electronics-1836,electronics,21.25,342
1837,clothing-1837,clothing,71.68,194
1838,books-1838,books,53.40,336
1839,home-1839,home,36.00,95
1840,toys-1840,toys,83.59,300
1841,food-1841,food,16.51,10
1842,electronics-1842,electronics,49.06,53
1843,clothing-1843,clothing,22.83,199
1844,books-1844,books,35.35,316
1845,home-1845,home,88.41,389
1846,toys-1846,toys,29.45,47
1847,food-1847,food,48.44,104
1848,electronics-1848,electronics,1.83,282
1849,clothing-1849,clothing,53.47,369
1850,books-1850,books,76.27,166
1851,home-1851,home,43.69,108
1852,toys-1852,toys,83.48,203
1853,food-1853,food,91.40,191
1854,electronics-1854,electronics,10.43,426
1855,clothing-1855,clothing,1.31,406
1856,books-1856,books,44.78,338
1857,home-1857,home,72.51,441
1858,toys-1858,toys,96.59,376
1859,food-1859,food,33.62,280
1860,electronics-1860,electronics,11.95,312
1861,clothing-1861,clothing,56.00,1
1862,books-1862,books,12.99,468
1863,home-1863,home,3.82,412
1864,toys-1864,toys,68.51,100
1865,food-1865,food,98.79,56
1866,electronics-1866,electronics,71.82,318
1867,clothing-1867,clothing,78.12,309
1868,books-1868,books,18.96,136
1869,home-1869,home,64.21,419
1870,toys-1870,toys,0.64,287
1871,food-1871,food,10.26,206
1872,electronics-1872,electronics,66.41,123
1873,clothing-1873,clothing,11.08,496
1874,books-1874,books,77.50,440
1875,home-1875,home,38.69,400
1876,toys-1876,toys,97.08,112
1877,food-1877,food,97.52,267
1878,electronics-1878,electronics,43.38,281
1879,clothing-1879,clothing,60.97,376
1880,books-1880,books,44.30,167
1881,home-1881,home,63.12,20
1882,toys-1882,toys,82.49,459
1883,food-1883,food,59.43,274
1884,electronics-1884,electronics,89.21,362
1885,clothing-1885,clothing,73.11,73
1886,books-1886,books,43.55,343
1887,home-1887,home,17.50,89
1888,toys-1888,toys,58.75,26
1889,food-1889,food,86.01,409
1890,electronics-1890,electronics,36.44,93
1891,clothing-1891,clothing,90.42,174
1892,books-1892,books,13.94,27
1893,home-1893,home,7.55,97
1894,toys-1894,toys,74.04,166
1895,food-1895,food,3.73,129
1896,electronics-1896,electronics,83.18,43
1897,clothing-1897,clothing,41.97,308
1898,books-1898,books,12.02,302
1899,home-1899,home,15.39,156
1900,toys-1900,toys,8.16,429
1901,food-1901,food,32.34,59
1902,electronics-1902,electronics,63.56,308
1903,clothing-1903,clothing,8.21,472
1904,books-1904,books,77.55,433
1905,home-1905,home,26.73,341
1906,toys-1906,toys,39.30,180
1907,food-1907,food,91.69,319
1908,electronics-1908,electronics,52.23,42
1909,clothing-1909,clothing,97.92,392
1910,books-1910,books,76.83,50
1911,home-1911,home,6.16,72
1912,toys-1912,toys,63.41,325
1913,food-1913,food,23.43,278
1914,electronics-1914,electronics,60.33,266
1915,clothing-1915,clothing,96.94,46
1916,books-1916,books,63.76,156
1917,home-1917,home,16.83,20
1918,toys-1918,toys,88.71,462
1919,food-1919,food,39.25,194
1920,electronics-1920,electronics,22.92,133
1921,clothing-1921,clothing,29.70,263
1922,books-1922,books,77.99,445
1923,home-1923,home,63.81,429
1924,toys-1924,toys,35.08,298
1925,food-1925,food,5.87,60
1926,electronics-1926,electronics,1.05,405
1927,clothing-1927,clothing,66.81,113
1928,books-1928,books,30.57,80
1929,home-1929,home,36.16,290
1930,toys-1930,toys,92.02,240
1931,food-1931,food,36.17,499
1932,electronics-1932,electronics,96.94,197
1933,clothing-1933,clothing,63.25,291
1934,books-1934,books,29.55,3
1935,home-1935,home,49.66,432
1936,toys-1936,toys,22.18,310
1937,food-1937,food,27.74,450
1938,electronics-1938,electronics,43.55,229
1939,clothing-1939,clothing,94.60,251
1940,books-1940,books,31.95,341
1941,home-1941,home,67.31,360
1942,toys-1942,toys,76.91,165
1943,food-1943,food,66.39,157
1944,electronics-1944,electronics,65.48,337
1945,clothing-1945,clothing,56.31,395
1946,books-1946,books,68.57,106
1947,home-1947,home,7.91,406
1948,toys-1948,toys,60.94,98
1949,food-1949,food,73.96,355
1950,electronics-1950,electronics,53.90,181
1951,clothing-1951,clothing,6.19,373
1952,books-1952,books,58.95,264
1953,home-1953,home,50.06,252
1954,toys-1954,toys,65.63,39
1955,food-1955,food,73.68,431
1956,electronics-1956,electronics,46.51,458
1957,clothing-1957,clothing,44.09,172
1958,books-1958,books,74.63,67
1959,home-1959,home,33.30,161
1960,toys-1960,toys,14.80,108
1961,food-1961,food,9.23,187
1962,electronics-1962,electronics,46.49,211
1963,clothing-1963,clothing,21.92,309
1964,books-1964,books,57.05,227
1965,home-1965,home,89.75,127
1966,toys-1966,toys,49.14,10
1967,food-1967,food,23.62,76
1968,electronics-1968,electronics,90.89,189
1969,clothing-1969,clothing,84.75,404
1970,books-1970,books,26.27,94
1971,home-1971,home,13.54,449
1972,toys-1972,toys,30.59,165
1973,food-1973,food,49.89,86
1974,electronics-1974,electronics,3.78,422
1975,clothing-1975,clothing,55.48,201
1976,books-1976,books,51.00,143
1977,home-1977,home,58.94,422
1978,toys-1978,toys,38.82,296
1979,food-1979,food,8.10,446
1980,electronics-1980,electronics,18.42,411
1981,clothing-1981,clothing,5.07,490
1982,books-1982,books,78.07,423
1983,home-1983,home,17.50,176
1984,toys-1984,toys,46.93,327
1985,food-1985,food,36.31,350
1986,electronics-1986,electronics,94.71,149
1987,clothing-1987,clothing,34.76,357
1988,books-1988,books,75.39,16
1989,home-1989,home,30.33,362
1990,toys-1990,toys,16.31,428
1991,food-1991,food,35.53,127
1992,electronics-1992,electronics,95.80,171
1993,clothing-1993,clothing,99.58,267
1994,books-1994,books,79.86,335
1995,home-1995,home,51.10,405
1996,toys-1996,toys,41.87,441
1997,food-1997,food,2.61,279
1998,electronics-1998,electronics,26.21,230
1999,clothing-1999,clothing,51.37,318
2000,books-2000,books,74.17,228
2001,home-2001,home,81.42,115
2002,toys-2002,toys,69.45,186
2003,food-2003,food,91.75,330
2004,electronics-2004,electronics,55.41,217
2005,clothing-2005,clothing,5.11,151
2006,books-2006,books,55.49,183
2007,home-2007,home,37.69,456
2008,toys-2008,toys,99.20,98
2009,food-2009,food,97.65,87
2010,electronics-2010,electronics,53.99,3
2011,clothing-2011,clothing,17.27,472
2012,books-2012,books,5.02,239
2013,home-2013,home,8.57,43
2014,toys-2014,toys,27.83,234
2015,food-2015,food,60.35,476
2016,electronics-2016,electronics,80.81,410
2017,clothing-2017,clothing,73.84,477
2018,books-2018,books,64.58,54
2019,home-2019,home,93.67,106
2020,toys-2020,toys,80.85,65
2021,food-2021,food,0.59,325
2022,electronics-2022,electronics,14.50,301
2023,clothing-2023,clothing,30.67,272
2024,books-2024,books,61.26,334
2025,home-2025,home,31.75,18
2026,toys-2026,toys,18.50,91
2027,food-2027,food,45.40,177
2028,electronics-2028,electronics,75.61,68
2029,clothing-2029,clothing,46.00,370
2030,books-2030,books,79.93,1
2031,home-2031,home,91.28,302
2032,toys-2032,toys,37.08,287
2033,food-2033,food,37.83,127
2034,electronics-2034,electronics,42.59,148
2035,clothing-2035,clothing,49.48,50
2036,books-2036,books,3.91,376
2037,home-2037,home,63.08,496
2038,toys-2038,toys,12.03,371
2039,food-2039,food,97.25,112
2040,electronics-2040,electronics,21.85,254
2041,clothing-2041,clothing,80.80,39
2042,books-2042,books,24.42,443
2043,home-2043,home,64.01,474
2044,toys-2044,toys,87.01,211
2045,food-2045,food,91.53,359
2046,electronics-2046,electronics,69.01,50
2047,clothing-2047,clothing,41.30,260
2048,books-2048,books,92.53,348
2049,home-2049,home,92.16,118
2050,toys-2050,toys,27.33,180
2051,food-2051,food,86.47,94
2052,electronics-2052,electronics,24.84,1
2053,clothing-2053,clothing,55.71,163
2054,books-2054,books,51.65,32
2055,home-2055,home,42.87,164
2056,toys-2056,toys,14.64,208
2057,food-2057,food,38.48,243
2058,electronics-2058,electronics,17.42,146
2059,clothing-2059,clothing,55.02,49
2060,books-2060,books,87.93,37
2061,home-2061,home,51.36,2
2062,toys-2062,toys,79.44,460
2063,food-2063,food,51.08,274
2064,electronics-2064,electronics,87.34,178
2065,clothing-2065,clothing,55.50,60
2066,books-2066,books,49.42,90
2067,home-2067,home,53.53,186
2068,toys-2068,toys,30.55,290
2069,food-2069,food,34.02,173
2070,electronics-2070,electronics,76.48,186
2071,clothing-2071,clothing,3.42,313
2072,books-2072,books,35.69,454
2073,home-2073,home,33.78,467
2074,toys-2074,toys,24.87,2
2075,food-2075,food,12.77,478
2076,electronics-2076,electronics,98.34,447
2077,clothing-2077,clothing,0.47,53
2078,books-2078,books,66.18,383
2079,home-2079,home,65.02,293
2080,toys-2080,toys,77.77,5
2081,food-2081,food,26.32,166
2082,electronics-2082,electronics,95.39,346
2083,clothing-2083,clothing,86.07,154
2084,books-2084,books,72.68,119
2085,home-2085,home,42.30,360
2086,toys-2086,toys,91.32,177
2087,food-2087,food,44.18,409
2088,electronics-2088,electronics,33.28,331
2089,clothing-2089,clothing,50.10,72
2090,books-2090,books,68.76,52
2091,home-2091,home,20.67,457
2092,toys-2092,toys,22.61,454
2093,food-2093,food,49.09,235
2094,electronics-2094,electronics,54.74,193
2095,clothing-2095,clothing,13.31,236
2096,books-2096,books,45.98,416
2097,home-2097,home,26.26,454
2098,toys-2098,toys,61.52,218
2099,food-2099,food,44.22,428
2100,electronics-2100,electronics,75.92,206
2101,clothing-2101,clothing,86.19,476
2102,books-2102,books,30.65,280
2103,home-2103,home,66.54,82
2104,toys-2104,toys,90.55,273
2105,food-2105,food,77.66,31
2106,electronics-2106,electronics,23.38,280
2107,clothing-2107,clothing,23.32,350
2108,books-2108,books,98.80,22
2109,home-2109,home,38.89,25
2110,toys-2110,toys,21.67,343
2111,food-2111,food,25.42,161
2112,electronics-2112,electronics,85.21,273
2113,clothing-2113,clothing,42.88,477
2114,books-2114,books,18.20,197
2115,home-2115,home,61.51,266
2116,toys-2116,toys,62.06,409
2117,food-2117,food,35.82,368
2118,electronics-2118,electronics,81.45,303
2119,clothing-2119,clothing,38.83,351
2120,books-2120,books,34.83,173
2121,home-2121,home,48.12,480
2122,toys-2122,toys,6.71,235
2123,food-2123,food,86.99,459
2124,electronics-2124,electronics,96.08,396
2125,clothing-2125,clothing,31.45,259
2126,books-2126,books,13.68,287
2127,home-2127,home,15.72,308
2128,toys-2128,toys,41.76,331
2129,food-2129,food,60.51,144
2130,electronics-2130,electronics,14.22,498
2131,clothing-2131,clothing,76.56,27
2132,books-2132,books,45.81,183
2133,home-2133,home,21.46,58
2134,toys-2134,toys,67.73,268
2135,food-2135,food,21.46,142
2136,electronics-2136,electronics,27.78,95
2137,clothing-2137,clothing,8.65,390
2138,books-2138,books,26.50,298
2139,home-2139,home,49.69,50
2140,toys-2140,toys,72.54,455
2141,food-2141,food,9.97,243
2142,electronics-2142,electronics,0.39,288
2143,clothing-2143,clothing,76.24,195
2144,books-2144,books,91.52,127
2145,home-2145,home,46.47,2
2146,toys-2146,toys,1.42,326
2147,food-2147,food,59.18,137
2148,electronics-2148,electronics,73.26,397
2149,clothing-2149,clothing,10.15,403
2150,books-2150,books,81.42,344
2151,home-2151,home,5.66,392
2152,toys-2152,toys,46.57,119
2153,food-2153,food,90.66,153
2154,electronics-2154,electronics,78.65,8
2155,clothing-2155,clothing,36.83,117
2156,books-2156,books,27.15,450
2157,home-2157,home,68.02,268
2158,toys-2158,toys,43.92,134
2159,food-2159,food,56.22,362
2160,electronics-2160,electronics,14.78,118
2161,clothing-2161,clothing,0.45,328
2162,books-2162,books,68.31,264
2163,home-2163,home,97.64,19
2164,toys-2164,toys,17.78,213
2165,food-2165,food,25.13,16
2166,electronics-2166,electronics,13.42,172
2167,clothing-2167,clothing,88.86,300
2168,books-2168,books,11.48,393
2169,home-2169,home,86.13,363
2170,toys-2170,toys,61.15,408
2171,food-2171,food,10.04,109
2172,electronics-2172,electronics,13.43,330
2173,clothing-2173,clothing,18.48,97
2174,books-2174,books,4.10,143
2175,home-2175,home,29.66,72
2176,toys-2176,toys,92.32,28
2177,food-2177,food,22.24,107
2178,electronics-2178,electronics,63.82,307
2179,clothing-2179,clothing,65.43,485
2180,books-2180,books,17.08,325
2181,home-2181,home,67.21,372
2182,toys-2182,toys,53.51,125
2183,food-2183,food,38.26,203
2184,electronics-2184,electronics,75.87,480
2185,clothing-2185,clothing,53.70,220
2186,books-2186,books,41.86,184
2187,home-2187,home,94.80,419
2188,toys-2188,toys,13.98,199
2189,food-2189,food,54.04,2
2190,electronics-2190,electronics,17.72,36
2191,clothing-2191,clothing,15.13,252
2192,books-2192,books,13.57,5
2193,home-2193,home,2.36,126
2194,toys-2194,toys,86.43,382
2195,food-2195,food,65.01,303
2196,electronics-2196,electronics,33.31,362
2197,clothing-2197,clothing,91.56,389
2198,books-2198,books,76.65,8
2199,home-2199,home,56.09,194
2200,toys-2200,toys,33.82,68
2201,food-2201,food,34.87,55
2202,electronics-2202,electronics,90.44,45
2203,clothing-2203,clothing,97.01,277
2204,books-2204,books,36.92,108
2205,home-2205,home,89.97,250
2206,toys-2206,toys,94.47,111
2207,food-2207,food,12.24,450
2208,electronics-2208,electronics,80.88,436
2209,clothing-2209,clothing,94.56,197
2210,books-2210,books,98.53,350
2211,home-2211,home,98.89,124
2212,toys-2212,toys,52.64,411
2213,food-2213,food,73.74,240
2214,electronics-2214,electronics,24.54,101
2215,clothing-2215,clothing,41.50,46
2216,books-2216,books,49.94,124
2217,home-2217,home,46.92,236
2218,toys-2218,toys,13.22,445
2219,food-2219,food,57.65,86
2220,electronics-2220,electronics,21.20,139
2221,clothing-2221,clothing,68.65,69
2222,books-2222,books,71.10,178
2223,home-2223,home,49.91,48
2224,toys-2224,toys,6.79,189
2225,food-2225,food,60.69,142
2226,electronics-2226,electronics,99.76,264
2227,clothing-2227,clothing,87.77,172
2228,books-2228,books,12.01,379
2229,home-2229,home,89.47,271
2230,toys-2230,toys,75.58,65
2231,food-2231,food,34.86,291
2232,electronics-2232,electronics,70.16,23
2233,clothing-2233,clothing,76.82,132
2234,books-2234,books,85.12,393
2235,home-2235,home,79.22,445
2236,toys-2236,toys,98.80,22
2237,food-2237,food,69.82,168
2238,electronics-2238,electronics,95.45,157
2239,clothing-2239,clothing,18.88,40
2240,books-2240,books,1.09,70
2241,home-2241,home,48.73,407
2242,toys-2242,toys,11.93,440
2243,food-2243,food,82.14,130
2244,electronics-2244,electronics,75.79,48
2245,clothing-2245,clothing,53.26,349
2246,books-2246,books,0.82,189
2247,home-2247,home,51.28,46
2248,toys-2248,toys,3.31,222
2249,food-2249,food,67.22,311
2250,electronics-2250,electronics,69.45,295
2251,clothing-2251,clothing,21.90,164
2252,books-2252,books,36.00,367
2253,home-2253,home,92.29,50
2254,toys-2254,toys,68.58,323
2255,food-2255,food,88.04,328
2256,electronics-2256,electronics,56.52,50
2257,clothing-2257,clothing,33.29,375
2258,books-2258,books,75.51,99
2259,home-2259,home,15.39,79
2260,toys-2260,toys,86.31,46
2261,food-2261,food,25.03,223
2262,electronics-2262,electronics,84.50,135
2263,clothing-2263,clothing,24.52,291
2264,books-2264,books,81.30,349
2265,home-2265,home,40.04,199
2266,toys-2266,toys,87.54,222
2267,food-2267,food,87.59,99
2268,electronics-2268,electronics,99.05,283
2269,clothing-2269,clothing,39.29,343
2270,books-2270,books,16.60,73
2271,home-2271,home,56.86,123
2272,toys-2272,toys,42.99,12
2273,food-2273,food,11.46,270
2274,electronics-2274,electronics,70.12,73
2275,clothing-2275,clothing,62.80,354
2276,books-2276,books,89.20,175
2277,home-2277,home,38.16,223
2278,toys-2278,toys,83.73,225
2279,food-2279,food,13.36,386
2280,electronics-2280,electronics,89.66,43
2281,clothing-2281,clothing,79.32,261
2282,books-2282,books,90.23,439
2283,home-2283,home,68.35,232
2284,toys-2284,toys,22.33,444
2285,food-2285,food,64.56,323
2286,electronics-2286,electronics,88.78,284
2287,clothing-2287,clothing,33.37,454
2288,books-2288,books,94.11,60
2289,home-2289,home,38.67,74
2290,toys-2290,toys,97.67,284
2291,food-2291,food,9.76,482
2292,electronics-2292,electronics,93.87,114
2293,clothing-2293,clothing,64.18,261
2294,books-2294,books,34.85,236
2295,home-2295,home,95.03,46
2296,toys-2296,toys,85.29,325
2297,food-2297,food,47.55,8
2298,electronics-2298,electronics,94.77,225
2299,clothing-2299,clothing,77.24,160
2300,books-2300,books,56.71,59
2301,home-2301,home,2.98,59
2302,toys-2302,toys,22.40,246
2303,food-2303,food,25.82,49
2304,electronics-2304,electronics,28.35,202
2305,clothing-2305,clothing,55.12,353
2306,books-2306,books,28.70,76
2307,home-2307,home,1.27,48
2308,toys-2308,toys,36.43,23
2309,food-2309,food,52.58,389
2310,electronics-2310,electronics,38.74,65
2311,clothing-2311,clothing,78.68,326
2312,books-2312,books,72.54,186
2313,home-2313,home,72.55,234
2314,toys-2314,toys,19.13,475
2315,food-2315,food,72.71,209
2316,electronics-2316,electronics,80.26,361
2317,clothing-2317,clothing,86.09,165
2318,books-2318,books,85.96,214
2319,home-2319,home,34.14,45
2320,toys-2320,toys,86.25,399
2321,food-2321,food,34.23,89
2322,electronics-2322,electronics,18.00,225
2323,clothing-2323,clothing,73.23,36
2324,books-2324,books,25.79,170
2325,home-2325,home,31.67,305
2326,toys-2326,toys,83.65,438
2327,food-2327,food,4.50,163
2328,electronics-2328,electronics,5.83,161
2329,clothing-2329,clothing,19.86,180
2330,books-2330,books,90.63,113
2331,home-2331,home,66.64,345
2332,toys-2332,toys,20.01,394
2333,food-2333,food,96.62,15
2334,electronics-2334,electronics,89.07,315
2335,clothing-2335,clothing,92.81,306
2336,books-2336,books,38.45,2
2337,home-2337,home,46.48,117
2338,toys-2338,toys,25.71,493
2339,food-2339,food,66.76,486
2340,electronics-2340,electronics,29.79,42
2341,clothing-2341,clothing,57.53,388
2342,books-2342,books,5.32,164
2343,home-2343,home,2.87,9
2344,toys-2344,toys,82.68,254
2345,food-2345,food,60.24,207
2346,electronics-2346,electronics,65.03,403
2347,clothing-2347,clothing,8.32,447
2348,books-2348,books,74.03,391
2349,home-2349,home,98.45,81
2350,toys-2350,toys,3.17,56
2351,food-2351,food,52.98,425
2352,electronics-2352,electronics,85.14,410
2353,clothing-2353,clothing,61.25,106
2354,books-2354,books,49.58,455
2355,home-2355,home,22.27,2
2356,toys-2356,toys,64.99,27
2357,food-2357,food,76.20,71
2358,electronics-2358,electronics,86.00,420
2359,clothing-2359,clothing,43.77,420
2360,books-2360,books,20.60,55
2361,home-2361,home,18.90,409
2362,toys-2362,toys,68.08,189
2363,food-2363,food,20.87,455
2364,electronics-2364,electronics,73.62,0
2365,clothing-2365,clothing,38.85,78
2366,books-2366,books,29.10,269
2367,home-2367,home,74.17,213
2368,toys-2368,toys,8.51,37
2369,food-2369,food,40.37,469
2370,electronics-2370,electronics,29.13,440
2371,clothing-2371,clothing,91.76,323
2372,books-2372,books,74.57,266
2373,home-2373,home,2.29,459
2374,toys-2374,toys,26.35,46
2375,food-2375,food,6.20,244
2376,electronics-2376,electronics,3.67,336
2377,clothing-2377,clothing,30.05,171
2378,books-2378,books,30.60,234
2379,home-2379,home,43.86,418
2380,toys-2380,toys,8.95,419
2381,food-2381,food,31.89,179
2382,electronics-2382,electronics,52.79,1
2383,clothing-2383,clothing,18.48,345
2384,books-2384,books,11.04,378
2385,home-2385,home,11.39,293
2386,toys-2386,toys,42.17,284
2387,food-2387,food,48.34,30
2388,electronics-2388,electronics,39.39,263
2389,clothing-2389,clothing,87.24,390
2390,books-2390,books,9.98,1
2391,home-2391,home,40.76,397
2392,toys-2392,toys,39.88,238
2393,food-2393,food,82.31,280
2394,electronics-2394,electronics,38.31,85
2395,clothing-2395,clothing,7.95,27
2396,books-2396,books,81.23,260
2397,home-2397,home,4.69,133
2398,toys-2398,toys,45.65,286
2399,food-2399,food,25.49,291
2400,electronics-2400,electronics,26.82,283
2401,clothing-2401,clothing,25.91,466
2402,books-2402,books,28.58,134
2403,home-2403,home,37.30,113
2404,toys-2404,toys,93.81,272
2405,food-2405,food,61.64,119
2406,electronics-2406,electronics,56.49,438
2407,clothing-2407,clothing,33.09,51
2408,books-2408,books,51.14,107
2409,home-2409,home,20.07,227
2410,toys-2410,toys,2.02,85
2411,food-2411,food,52.96,76
2412,electronics-2412,electronics,99.44,347
2413,clothing-2413,clothing,31.88,293
2414,books-2414,books,10.82,66
2415,home-2415,home,87.15,126
2416,toys-2416,toys,76.94,459
2417,food-2417,food,13.07,480
2418,electronics-2418,electronics,5.73,339
2419,clothing-2419,clothing,69.33,453
2420,books-2420,books,56.04,22
2421,home-2421,home,69.56,343
2422,toys-2422,toys,78.52,349
2423,food-2423,food,83.17,366
2424,electronics-2424,electronics,10.58,295
2425,clothing-2425,clothing,23.43,488
2426,books-2426,books,12.32,135
2427,home-2427,home,72.53,434
2428,toys-2428,toys,94.60,382
2429,food-2429,food,93.90,300
2430,electronics-2430,electronics,97.99,365
2431,clothing-2431,clothing,46.52,219
2432,books-2432,books,83.97,152
2433,home-2433,home,44.59,353
2434,toys-2434,toys,61.22,487
2435,food-2435,food,72.27,145
2436,electronics-2436,electronics,28.48,393
2437,clothing-2437,clothing,67.61,42
2438,books-2438,books,52.72,304
2439,home-2439,home,86.73,56
2440,toys-2440,toys,76.37,224
2441,food-2441,food,81.00,208
2442,electronics-2442,electronics,19.47,355
2443,clothing-2443,clothing,76.05,259
2444,books-2444,books,3.55,408
2445,home-2445,home,57.57,21
2446,toys-2446,toys,26.52,451
2447,food-2447,food,66.98,191
2448,electronics-2448,electronics,37.61,223
2449,clothing-2449,clothing,36.19,23
2450,books-2450,books,25.59,201
2451,home-2451,home,77.96,271
2452,toys-2452,toys,32.16,449
2453,food-2453,food,86.37,356
2454,electronics-2454,electronics,18.82,304
2455,clothing-2455,clothing,57.36,397
2456,books-2456,books,93.49,499
2457,home-2457,home,59.12,187
2458,toys-2458,toys,6.08,48
2459,food-2459,food,59.59,207
2460,electronics-2460,electronics,95.59,79
2461,clothing-2461,clothing,94.22,421
2462,books-2462,books,75.91,84
2463,home-2463,home,62.13,284
2464,toys-2464,toys,92.94,277
2465,food-2465,food,19.00,199
2466,electronics-2466,electronics,67.74,343
2467,clothing-2467,clothing,72.69,94
2468,books-2468,books,88.44,252
2469,home-2469,home,36.02,244
2470,toys-2470,toys,65.19,313
2471,food-2471,food,4.77,122
2472,electronics-2472,electronics,65.88,171
2473,clothing-2473,clothing,23.52,165
2474,books-2474,books,33.32,422
2475,home-2475,home,89.44,17
2476,toys-2476,toys,49.37,303
2477,food-2477,food,73.74,173
2478,electronics-2478,electronics,22.46,6
2479,clothing-2479,clothing,18.37,144
2480,books-2480,books,61.67,493
2481,home-2481,home,17.67,155
2482,toys-2482,toys,3.30,240
2483,food-2483,food,80.97,460
2484,electronics-2484,electronics,98.91,405
2485,clothing-2485,clothing,49.70,258
2486,books-2486,books,1.04,251
2487,home-2487,home,3.20,383
2488,toys-2488,toys,67.97,431
2489,food-2489,food,71.63,409
2490,electronics-2490,electronics,83.64,449
2491,clothing-2491,clothing,26.42,6
2492,books-2492,books,91.11,189
2493,home-2493,home,1.42,344
2494,toys-2494,toys,24.38,128
2495,food-2495,food,76.35,438
2496,electronics-2496,electronics,10.02,307
2497,clothing-2497,clothing,8.68,487
2498,books-2498,books,2.43,443
2499,home-2499,home,50.85,232
2500,toys-2500,toys,49.76,375
2501,food-2501,food,93.76,451
2502,electronics-2502,electronics,20.51,167
2503,clothing-2503,clothing,4.33,285
2504,books-2504,books,74.12,433
2505,home-2505,home,9.79,444
2506,toys-2506,toys,68.61,136
2507,food-2507,food,73.54,330
2508,electronics-2508,electronics,60.90,107
2509,clothing-2509,clothing,69.27,452
2510,books-2510,books,95.81,142
2511,home-2511,home,96.35,124
2512,toys-2512,toys,23.15,408
2513,food-2513,food,51.69,425
2514,electronics-2514,electronics,38.94,397
2515,clothing-2515,clothing,68.26,169
2516,books-2516,books,91.78,24
2517,home-2517,home,97.99,275
2518,toys-2518,toys,58.93,8
2519,food-2519,food,92.31,338
2520,electronics-2520,electronics,6.05,211
2521,clothing-2521,clothing,23.26,388
2522,books-2522,books,48.51,353
2523,home-2523,home,97.41,4
2524,toys-2524,toys,29.31,232
2525,food-2525,food,15.49,436
2526,electronics-2526,electronics,97.50,168
2527,clothing-2527,clothing,89.24,375
2528,books-2528,books,88.57,279
2529,home-2529,home,6.94,348
2530,toys-2530,toys,84.57,314
2531,food-2531,food,53.17,76
2532,electronics-2532,electronics,11.58,383
2533,clothing-2533,clothing,49.02,433
2534,books-2534,books,44.54,394
2535,home-2535,home,43.09,224
2536,toys-2536,toys,31.10,443
2537,food-2537,food,26.21,332
2538,electronics-2538,electronics,90.97,28
2539,clothing-2539,clothing,63.40,384
2540,books-2540,books,40.18,478
2541,home-2541,home,6.66,211
2542,toys-2542,toys,22.95,4
2543,food-2543,food,21.92,471
2544,electronics-2544,electronics,66.30,346
2545,clothing-2545,clothing,31.53,238
2546,books-2546,books,83.33,474
2547,home-2547,home,32.14,456
2548,toys-2548,toys,90.54,105
2549,food-2549,food,80.89,307
2550,electronics-2550,electronics,12.25,340
2551,clothing-2551,clothing,30.64,394
2552,books-2552,books,91.79,396
2553,home-2553,home,31.47,114
2554,toys-2554,toys,66.58,114
2555,food-2555,food,52.96,93
2556,electronics-2556,electronics,41.42,13
2557,clothing-2557,clothing,59.84,351
2558,books-2558,books,35.88,82
2559,home-2559,home,63.61,263
2560,toys-2560,toys,57.50,470
2561,food-2561,food,93.50,213
2562,electronics-2562,electronics,18.48,176
2563,clothing-2563,clothing,85.92,214
2564,books-2564,books,91.89,247
2565,home-2565,home,35.38,497
2566,toys-2566,toys,72.59,366
2567,food-2567,food,90.14,317
2568,electronics-2568,electronics,98.43,311
2569,clothing-2569,clothing,49.19,303
2570,books-2570,books,99.09,419
2571,home-2571,home,29.80,408
2572,toys-2572,toys,46.45,279
2573,food-2573,food,31.76,124
2574,electronics-2574,electronics,10.00,354
2575,clothing-2575,clothing,76.29,215
2576,books-2576,books,71.60,464
2577,home-2577,home,66.81,441
2578,toys-2578,toys,89.89,459
2579,food-2579,food,83.59,134
2580,electronics-2580,electronics,50.85,257
2581,clothing-2581,clothing,93.56,338
2582,books-2582,books,83.79,187
2583,home-2583,home,85.68,131
2584,toys-2584,toys,94.54,221
2585,food-2585,food,1.06,498
2586,electronics-2586,electronics,57.36,343
2587,clothing-2587,clothing,12.87,53
2588,books-2588,books,51.94,374
2589,home-2589,home,56.15,318
2590,toys-2590,toys,71.67,378
2591,food-2591,food,55.76,114
2592,electronics-2592,electronics,5.03,339
2593,clothing-2593,clothing,38.35,111
2594,books-2594,books,31.09,119
2595,home-2595,home,54.68,471
2596,toys-2596,toys,27.83,101
2597,food-2597,food,86.27,20
2598,electronics-2598,electronics,89.73,190
2599,clothing-2599,clothing,82.00,315
2600,books-2600,books,22.66,297
2601,home-2601,home,30.26,294
2602,toys-2602,toys,64.25,382
2603,food-2603,food,93.24,315
2604,electronics-2604,electronics,26.77,407
2605,clothing-2605,clothing,90.01,380
2606,books-2606,books,39.01,222
2607,home-2607,home,53.08,419
2608,toys-2608,toys,14.77,268
2609,food-2609,food,14.09,211
2610,electronics-2610,electronics,98.21,435
2611,clothing-2611,clothing,7.10,214
2612,books-2612,books,88.07,229
2613,home-2613,home,62.39,463
2614,toys-2614,toys,31.79,356
2615,food-2615,food,83.97,77
2616,electronics-2616,electronics,98.76,404
2617,clothing-2617,clothing,59.13,310
2618,books-2618,books,24.06,231
2619,home-2619,home,37.83,98
2620,toys-2620,toys,50.60,396
2621,food-2621,food,42.68,344
2622,electronics-2622,electronics,14.16,143
2623,clothing-2623,clothing,21.10,126
2624,books-2624,books,62.84,220
2625,home-2625,home,75.42,12
2626,toys-2626,toys,59.65,213
2627,food-2627,food,78.28,89
2628,electronics-2628,electronics,70.56,212
2629,clothing-2629,clothing,15.54,10
2630,books-2630,books,10.23,371
2631,home-2631,home,24.03,298
2632,toys-2632,toys,69.97,177
2633,food-2633,food,41.95,494
2634,electronics-2634,electronics,12.94,324
2635,clothing-2635,clothing,67.47,187
2636,books-2636,books,73.54,273
2637,home-2637,home,44.31,482
2638,toys-2638,toys,77.43,143
2639,food-2639,food,94.24,231
2640,electronics-2640,electronics,94.72,52
2641,clothing-2641,clothing,19.66,250
2642,books-2642,books,45.83,196
2643,home-2643,home,69.05,101
2644,toys-2644,toys,54.49,401
2645,food-2645,food,24.93,368
2646,electronics-2646,electronics,26.87,363
2647,clothing-2647,clothing,84.75,296
2648,books-2648,books,11.63,266
2649,home-2649,home,30.96,190
2650,toys-2650,toys,14.23,305
2651,food-2651,food,71.97,418
2652,electronics-2652,electronics,51.73,381
2653,clothing-2653,clothing,61.65,289
2654,books-2654,books,55.63,94
2655,home-2655,home,98.56,11
2656,toys-2656,toys,6.27,483
2657,food-2657,food,96.22,476
2658,electronics-2658,electronics,20.13,310
2659,clothing-2659,clothing,69.77,271
2660,books-2660,books,22.57,47
2661,home-2661,home,85.51,390
2662,toys-2662,toys,30.20,317
2663,food-2663,food,90.71,416
2664,electronics-2664,electronics,75.31,178
2665,clothing-2665,clothing,5.68,499
2666,books-2666,books,42.12,409
2667,home-2667,home,8.29,234
2668,toys-2668,toys,9.30,204
2669,food-2669,food,93.61,466
2670,electronics-2670,electronics,69.86,19
2671,clothing-2671,clothing,46.36,102
2672,books-2672,books,25.67,234
2673,home-2673,home,14.30,363
2674,toys-2674,toys,79.45,144
2675,food-2675,food,98.57,129
2676,electronics-2676,electronics,29.43,14
2677,clothing-2677,clothing,11.44,461
2678,books-2678,books,37.39,242
2679,home-2679,home,70.16,111
2680,toys-2680,toys,41.45,456
2681,food-2681,food,70.67,113
2682,electronics-2682,electronics,52.49,209
2683,clothing-2683,clothing,43.59,378
2684,books-2684,books,54.43,400
2685,home-2685,home,2.58,390
2686,toys-2686,toys,40.34,185
2687,food-2687,food,4.44,87
2688,electronics-2688,electronics,41.66,90
2689,clothing-2689,clothing,71.78,311
2690,books-2690,books,63.91,334
2691,home-2691,home,25.97,55
2692,toys-2692,toys,29.11,136
2693,food-2693,food,35.84,47
2694,electronics-2694,electronics,58.29,215
2695,clothing-2695,clothing,11.17,367
2696,books-2696,books,38.13,6
2697,home-2697,home,16.48,407
2698,toys-2698,toys,9.68,158
2699,food-2699,food,42.23,328
2700,electronics-2700,electronics,14.51,407
2701,clothing-2701,clothing,80.66,92
2702,books-2702,books,11.59,328
2703,home-2703,home,90.45,161
2704,toys-2704,toys,87.59,421
2705,food-2705,food,88.13,160
2706,electronics-2706,electronics,36.70,21
2707,clothing-2707,clothing,3.44,134
2708,books-2708,books,32.62,396
2709,home-2709,home,99.58,53
2710,toys-2710,toys,32.20,306
2711,food-2711,food,22.98,255
2712,electronics-2712,electronics,54.63,44
2713,clothing-2713,clothing,97.98,276
2714,books-2714,books,59.20,168
2715,home-2715,home,66.11,72
2716,toys-2716,toys,88.56,214
2717,food-2717,food,58.65,46
2718,electronics-2718,electronics,17.20,221
2719,clothing-2719,clothing,41.10,84
2720,books-2720,books,78.57,131
2721,home-2721,home,26.35,16
2722,toys-2722,toys,49.05,353
2723,food-2723,food,30.89,173
2724,electronics-2724,electronics,49.16,276
2725,clothing-2725,clothing,11.81,400
2726,books-2726,books,53.06,356
2727,home-2727,home,51.24,440
2728,toys-2728,toys,72.94,323
2729,food-2729,food,16.88,399
2730,electronics-2730,electronics,35.74,464
2731,clothing-2731,clothing,69.34,316
2732,books-2732,books,0.82,452
2733,home-2733,home,89.23,384
2734,toys-2734,toys,76.14,91
2735,food-2735,food,92.35,400
2736,electronics-2736,electronics,89.23,457
2737,clothing-2737,clothing,45.16,391
2738,books-2738,books,87.29,200
2739,home-2739,home,61.86,103
2740,toys-2740,toys,14.05,247
2741,food-2741,food,37.12,74
2742,electronics-2742,electronics,2.29,246
2743,clothing-2743,clothing,86.31,353
2744,books-2744,books,18.02,248
2745,home-2745,home,76.50,1
2746,toys-2746,toys,75.36,199
2747,food-2747,food,6.33,207
2748,electronics-2748,electronics,0.92,420
2749,clothing-2749,clothing,6.00,39
2750,books-2750,books,73.05,219
2751,home-2751,home,40.75,227
2752,toys-2752,toys,54.77,248
2753,food-2753,food,48.21,278
2754,electronics-2754,electronics,38.85,346
2755,clothing-2755,clothing,63.41,78
2756,books-2756,books,74.73,452
2757,home-2757,home,17.48,104
2758,toys-2758,toys,83.19,9
2759,food-2759,food,30.66,62
2760,electronics-2760,electronics,93.35,416
2761,clothing-2761,clothing,12.15,4
2762,books-2762,books,25.40,185
2763,home-2763,home,71.69,216
2764,toys-2764,toys,33.56,469
2765,food-2765,food,68.83,232
2766,electronics-2766,electronics,66.00,19
2767,clothing-2767,clothing,23.76,36
2768,books-2768,books,93.78,380
2769,home-2769,home,26.70,416
2770,toys-2770,toys,44.63,284
2771,food-2771,food,88.03,248
2772,electronics-2772,electronics,3.61,442
2773,clothing-2773,clothing,45.73,402
2774,books-2774,books,50.07,435
2775,home-2775,home,1.26,365
2776,toys-2776,toys,52.66,432
2777,food-2777,food,2.72,129
2778,electronics-2778,electronics,21.51,349
2779,clothing-2779,clothing,76.44,358
2780,books-2780,books,23.15,182
2781,home-2781,home,41.83,213
2782,toys-2782,toys,62.61,370
2783,food-2783,food,95.57,319
2784,electronics-2784,electronics,27.27,49
2785,clothing-2785,clothing,10.66,71
2786,books-2786,books,93.27,168
2787,home-2787,home,74.43,88
2788,toys-2788,toys,3.04,304
2789,food-2789,food,28.50,337
2790,electronics-2790,electronics,20.68,429
2791,clothing-2791,clothing,90.03,453
2792,books-2792,books,8.01,343
2793,home-2793,home,5.43,476
2794,toys-2794,toys,52.49,157
2795,food-2795,food,26.74,356
2796,electronics-2796,electronics,15.74,435
2797,clothing-2797,clothing,99.26,494
2798,books-2798,books,27.72,442
2799,home-2799,home,2.21,237
2800,toys-2800,toys,95.41,325
2801,food-2801,food,5.98,385
2802,electronics-2802,electronics,1.95,494
2803,clothing-2803,clothing,44.53,473
2804,books-2804,books,13.67,151
2805,home-2805,home,98.90,144
2806,toys-2806,toys,31.86,373
2807,food-2807,food,32.78,432
2808,electronics-2808,electronics,29.35,102
2809,clothing-2809,clothing,1.79,148
2810,books-2810,books,45.08,341
2811,home-2811,home,73.20,281
2812,toys-2812,toys,17.46,60
2813,food-2813,food,16.68,287
2814,electronics-2814,electronics,15.29,136
2815,clothing-2815,clothing,55.37,316
2816,books-2816,books,34.80,89
2817,home-2817,home,68.89,150
2818,toys-2818,toys,47.97,404
2819,food-2819,food,59.15,386
2820,electronics-2820,electronics,4.84,142
2821,clothing-2821,clothing,91.64,186
2822,books-2822,books,68.36,375
2823,home-2823,home,75.41,317
2824,toys-2824,toys,32.19,175
2825,food-2825,food,7.31,104
2826,electronics-2826,electronics,39.32,205
2827,clothing-2827,clothing,42.29,375
2828,books-2828,books,63.56,335
2829,home-2829,home,53.11,354
2830,toys-2830,toys,47.05,409
2831,food-2831,food,51.15,133
2832,electronics-2832,electronics,40.41,19
2833,clothing-2833,clothing,95.20,52
2834,books-2834,books,29.43,172
2835,home-2835,home,97.94,374
2836,toys-2836,toys,87.07,53
2837,food-2837,food,5.16,300
2838,electronics-2838,electronics,65.10,78
2839,clothing-2839,clothing,15.17,168
2840,books-2840,books,77.30,31
2841,home-2841,home,23.56,467
2842,toys-2842,toys,64.29,221
2843,food-2843,food,66.13,318
2844,electronics-2844,electronics,1.95,495
2845,clothing-2845,clothing,98.10,358
2846,books-2846,books,55.24,339
2847,home-2847,home,50.34,332
2848,toys-2848,toys,88.50,12
2849,food-2849,food,45.26,65
2850,electronics-2850,electronics,27.50,209
2851,clothing-2851,clothing,4.75,39
2852,books-2852,books,26.26,3
2853,home-2853,home,81.07,141
2854,toys-2854,toys,71.15,57
2855,food-2855,food,71.86,309
2856,electronics-2856,electronics,98.40,43
2857,clothing-2857,clothing,57.58,435
2858,books-2858,books,10.86,286
2859,home-2859,home,34.83,447
2860,toys-2860,toys,85.29,362
2861,food-2861,food,41.96,480
2862,electronics-2862,electronics,2.18,91
2863,clothing-2863,clothing,6.52,108
2864,books-2864,books,16.62,42
2865,home-2865,home,29.46,195
2866,toys-2866,toys,18.91,265
2867,food-2867,food,78.75,144
2868,electronics-2868,electronics,40.29,166
2869,clothing-2869,clothing,30.26,481
2870,books-2870,books,21.52,170
2871,home-2871,home,80.98,33
2872,toys-2872,toys,97.54,25
2873,food-2873,food,26.12,499
2874,electronics-2874,electronics,1.95,259
2875,clothing-2875,clothing,38.49,12
2876,books-2876,books,97.42,299
2877,home-2877,home,78.32,427
2878,toys-2878,toys,66.31,230
2879,food-2879,food,59.63,286
2880,electronics-2880,electronics,7.01,31
2881,clothing-2881,clothing,10.44,15
2882,books-2882,books,57.44,255
2883,home-2883,home,5.17,356
2884,toys-2884,toys,93.15,379
2885,food-2885,food,2.04,425
2886,electronics-2886,electronics,85.17,154
2887,clothing-2887,clothing,39.60,425
2888,books-2888,books,51.44,209
2889,home-2889,home,17.16,292
2890,toys-2890,toys,45.60,64
2891,food-2891,food,4.72,240
2892,electronics-2892,electronics,47.61,61
2893,clothing-2893,clothing,18.49,312
2894,books-2894,books,76.27,438
2895,home-2895,home,20.68,235
2896,toys-2896,toys,52.52,154
2897,food-2897,food,95.43,204
2898,electronics-2898,electronics,93.90,208
2899,clothing-2899,clothing,78.56,163
2900,books-2900,books,27.12,378
2901,home-2901,home,37.94,227
2902,toys-2902,toys,54.52,244
2903,food-2903,food,58.82,18
2904,electronics-2904,electronics,67.63,387
2905,clothing-2905,clothing,3.32,149
2906,books-2906,books,15.49,396
2907,home-2907,home,9.83,142
2908,toys-2908,toys,19.31,146
2909,food-2909,food,53.24,485
2910,electronics-2910,electronics,75.79,28
2911,clothing-2911,clothing,4.13,163
2912,books-2912,books,43.67,297
2913,home-2913,home,81.61,89
2914,toys-2914,toys,66.06,431
2915,food-2915,food,73.83,479
2916,electronics-2916,electronics,80.69,426
2917,clothing-2917,clothing,28.24,176
2918,books-2918,books,88.33,179
2919,home-2919,home,69.57,16
2920,toys-2920,toys,86.91,231
2921,food-2921,food,63.66,447
2922,electronics-2922,electronics,5.96,144
2923,clothing-2923,clothing,80.29,381
2924,books-2924,books,10.54,373
2925,home-2925,home,17.07,161
2926,toys-2926,toys,1.34,207
2927,food-2927,food,36.83,473
2928,electronics-2928,electronics,34.37,70
2929,clothing-2929,clothing,43.12,38
2930,books-2930,books,93.36,306
2931,home-2931,home,36.51,137
2932,toys-2932,toys,30.31,383
2933,food-2933,food,16.49,164
2934,electronics-2934,electronics,33.18,8
2935,clothing-2935,clothing,42.73,263
2936,books-2936,books,98.61,224
2937,home-2937,home,32.53,331
2938,toys-2938,toys,71.09,113
2939,food-2939,food,37.19,56
2940,electronics-2940,electronics,32.84,290
2941,clothing-2941,clothing,46.51,359
2942,books-2942,books,54.65,222
2943,home-2943,home,60.31,479
2944,toys-2944,toys,18.12,111
2945,food-2945,food,11.87,393
2946,electronics-2946,electronics,50.18,77
2947,clothing-2947,clothing,5.21,17
2948,books-2948,books,67.47,352
2949,home-2949,home,67.79,436
2950,toys-2950,toys,22.45,397
2951,food-2951,food,61.85,393
2952,electronics-2952,electronics,84.84,104
2953,clothing-2953,clothing,71.08,23
2954,books-2954,books,64.48,45
2955,home-2955,home,85.28,359
2956,toys-2956,toys,39.66,227
2957,food-2957,food,58.63,307
2958,electronics-2958,electronics,20.65,409
2959,clothing-2959,clothing,37.92,280
2960,books-2960,books,20.69,473
2961,home-2961,home,76.29,356
2962,toys-2962,toys,80.21,400
2963,food-2963,food,62.85,460
2964,electronics-2964,electronics,86.32,352
2965,clothing-2965,clothing,63.39,311
2966,books-2966,books,11.37,289
2967,home-2967,home,28.81,215
2968,toys-2968,toys,46.73,322
2969,food-2969,food,95.26,171
2970,electronics-2970,electronics,14.23,191
2971,clothing-2971,clothing,37.03,301
2972,books-2972,books,25.08,414
2973,home-2973,home,43.28,315
2974,toys-2974,toys,12.26,14
2975,food-2975,food,51.43,252
2976,electronics-2976,electronics,42.65,83
2977,clothing-2977,clothing,99.56,106
2978,books-2978,books,86.80,60
2979,home-2979,home,72.07,117
2980,toys-2980,toys,83.54,152
2981,food-2981,food,83.70,104
2982,electronics-2982,electronics,65.25,291
2983,clothing-2983,clothing,27.16,235
2984,books-2984,books,96.08,385
2985,home-2985,home,65.55,165
2986,toys-2986,toys,94.53,233
2987,food-2987,food,34.01,72
2988,electronics-2988,electronics,67.13,281
2989,clothing-2989,clothing,96.29,124
2990,books-2990,books,65.98,287
2991,home-2991,home,47.05,24
2992,toys-2992,toys,35.13,67
2993,food-2993,food,39.98,316
2994,electronics-2994,electronics,71.51,368
2995,clothing-2995,clothing,63.85,125
2996,books-2996,books,91.54,310
2997,home-2997,home,29.42,54
2998,toys-2998,toys,17.34,323
2999,food-2999,food,34.99,217
3000,electronics-3000,electronics,42.76,465
3001,clothing-3001,clothing,49.98,64
3002,books-3002,books,95.21,247
3003,home-3003,home,78.15,283
3004,toys-3004,toys,44.80,173
3005,food-3005,food,55.68,62
3006,electronics-3006,electronics,88.38,454
3007,clothing-3007,clothing,87.16,438
3008,books-3008,books,38.72,468
3009,home-3009,home,72.10,25
3010,toys-3010,toys,7.53,179
3011,food-3011,food,45.96,47
3012,electronics-3012,electronics,6.16,120
3013,clothing-3013,clothing,91.12,254
3014,books-3014,books,21.00,441
3015,home-3015,home,84.17,339
3016,toys-3016,toys,74.94,275
3017,food-3017,food,42.34,335
3018,electronics-3018,electronics,68.02,302
3019,clothing-3019,clothing,16.74,298
3020,books-3020,books,91.05,266
3021,home-3021,home,65.19,450
3022,toys-3022,toys,87.38,203
3023,food-3023,food,58.01,371
3024,electronics-3024,electronics,28.03,54
3025,clothing-3025,clothing,58.90,272
3026,books-3026,books,21.76,193
3027,home-3027,home,35.02,449
3028,toys-3028,toys,21.69,68
3029,food-3029,food,71.64,51
3030,electronics-3030,electronics,0.55,56
3031,clothing-3031,clothing,72.02,30
3032,books-3032,books,90.98,53
3033,home-3033,home,19.53,4
3034,toys-3034,toys,71.04,484
3035,food-3035,food,56.53,12
3036,electronics-3036,electronics,10.26,78
3037,clothing-3037,clothing,0.96,268
3038,books-3038,books,52.32,368
3039,home-3039,home,34.51,9
3040,toys-3040,toys,31.83,308
3041,food-3041,food,78.72,252
3042,electronics-3042,electronics,67.75,128
3043,clothing-3043,clothing,58.11,327
3044,books-3044,books,50.31,100
3045,home-3045,home,61.80,273
3046,toys-3046,toys,84.31,33
3047,food-3047,food,46.35,58
3048,electronics-3048,electronics,3.28,435
3049,clothing-3049,clothing,41.86,464
3050,books-3050,books,94.09,364
3051,home-3051,home,24.76,405
3052,toys-3052,toys,4.34,355
3053,food-3053,food,3.34,254
3054,electronics-3054,electronics,12.94,193
3055,clothing-3055,clothing,12.85,350
3056,books-3056,books,68.57,28
3057,home-3057,home,41.04,473
3058,toys-3058,toys,27.06,249
3059,food-3059,food,5.25,84
3060,electronics-3060,electronics,3.06,253
3061,clothing-3061,clothing,95.65,335
3062,books-3062,books,41.62,76
3063,home-3063,home,11.77,383
3064,toys-3064,toys,80.80,300
3065,food-3065,food,7.14,433
3066,electronics-3066,electronics,47.00,88
3067,clothing-3067,clothing,80.59,494
3068,books-3068,books,80.89,129
3069,home-3069,home,14.67,239
3070,toys-3070,toys,50.79,211
3071,food-3071,food,77.70,276
3072,electronics-3072,electronics,24.48,49
3073,clothing-3073,clothing,35.38,179
3074,books-3074,books,44.93,300
3075,home-3075,home,42.45,305
3076,toys-3076,toys,51.13,166
3077,food-3077,food,34.10,142
3078,electronics-3078,electronics,62.58,438
3079,clothing-3079,clothing,55.20,450
3080,books-3080,books,96.17,318
3081,home-3081,home,61.05,352
3082,toys-3082,toys,83.87,469
3083,food-3083,food,74.28,206
3084,electronics-3084,electronics,9.24,69
3085,clothing-3085,clothing,43.95,134
3086,books-3086,books,94.46,426
3087,home-3087,home,32.01,353
3088,toys-3088,toys,74.49,212
3089,food-3089,food,46.05,109
3090,electronics-3090,electronics,74.29,360
3091,clothing-3091,clothing,28.65,147
3092,books-3092,books,9.66,272
3093,home-3093,home,86.28,448
3094,toys-3094,toys,41.48,422
3095,food-3095,food,79.14,18
3096,electronics-3096,electronics,3.12,260
3097,clothing-3097,clothing,83.53,441
3098,books-3098,books,35.30,359
3099,home-3099,home,32.25,150
3100,toys-3100,toys,11.01,452
3101,food-3101,food,99.45,362
3102,electronics-3102,electronics,0.44,217
3103,clothing-3103,clothing,34.41,163
3104,books-3104,books,25.97,398
3105,home-3105,home,3.26,35
3106,toys-3106,toys,37.47,259
3107,food-3107,food,51.11,99
3108,electronics-3108,electronics,62.48,395
3109,clothing-3109,clothing,31.40,317
3110,books-3110,books,95.02,458
3111,home-3111,home,70.30,406
3112,toys-3112,toys,90.91,407
3113,food-3113,food,22.53,7
3114,electronics-3114,electronics,10.88,35
3115,clothing-3115,clothing,8.99,86
3116,books-3116,books,89.18,265
3117,home-3117,home,33.08,342
3118,toys-3118,toys,79.06,13
3119,food-3119,food,7.03,150
3120,electronics-3120,electronics,59.26,51
3121,clothing-3121,clothing,48.84,323
3122,books-3122,books,28.07,13
3123,home-3123,home,59.51,371
3124,toys-3124,toys,61.99,7
3125,food-3125,food,81.02,499
3126,electronics-3126,electronics,34.92,190
3127,clothing-3127,clothing,99.93,272
3128,books-3128,books,19.22,64
3129,home-3129,home,53.63,8
3130,toys-3130,toys,15.10,158
3131,food-3131,food,52.52,139
3132,electronics-3132,electronics,5.86,242
3133,clothing-3133,clothing,96.25,117
3134,books-3134,books,61.07,421
3135,home-3135,home,13.63,255
3136,toys-3136,toys,54.23,1
3137,food-3137,food,22.83,298
3138,electronics-3138,electronics,19.26,358
3139,clothing-3139,clothing,57.35,419
3140,books-3140,books,95.43,51
3141,home-3141,home,5.98,427
3142,toys-3142,toys,39.28,482
3143,food-3143,food,13.66,499
3144,electronics-3144,electronics,67.14,315
3145,clothing-3145,clothing,21.35,110
3146,books-3146,books,44.43,257
3147,home-3147,home,11.27,138
3148,toys-3148,toys,95.82,197
3149,food-3149,food,52.75,231
3150,electronics-3150,electronics,45.09,142
3151,clothing-3151,clothing,65.96,24
3152,books-3152,books,72.98,406
3153,home-3153,home,53.40,109
3154,toys-3154,toys,19.27,30
3155,food-3155,food,79.02,191
3156,electronics-3156,electronics,60.08,307
3157,clothing-3157,clothing,88.76,111
3158,books-3158,books,83.00,345
3159,home-3159,home,32.64,28
3160,toys-3160,toys,65.94,293
3161,food-3161,food,55.71,37
3162,electronics-3162,electronics,54.26,436
3163,clothing-3163,clothing,34.18,252
3164,books-3164,books,22.05,319
3165,home-3165,home,83.41,2
3166,toys-3166,toys,51.11,209
3167,food-3167,food,61.81,488
3168,electronics-3168,electronics,31.33,200
3169,clothing-3169,clothing,13.63,161
3170,books-3170,books,22.27,48
3171,home-3171,home,22.66,428
3172,toys-3172,toys,81.22,102
3173,food-3173,food,53.11,328
3174,electronics-3174,electronics,95.23,119
3175,clothing-3175,clothing,76.34,7
3176,books-3176,books,5.05,470
3177,home-3177,home,40.65,218
3178,toys-3178,toys,25.21,19
3179,food-3179,food,37.81,470
3180,electronics-3180,electronics,70.87,164
3181,clothing-3181,clothing,26.01,209
3182,books-3182,books,84.93,149
3183,home-3183,home,58.26,190
3184,toys-3184,toys,50.01,99
3185,food-3185,food,99.18,237
3186,electronics-3186,electronics,98.09,160
3187,clothing-3187,clothing,69.79,127
3188,books-3188,books,17.56,70
3189,home-3189,home,64.14,124
3190,toys-3190,toys,81.94,157
3191,food-3191,food,83.51,40
3192,electronics-3192,electronics,49.50,393
3193,clothing-3193,clothing,89.57,337
3194,books-3194,books,47.32,76
3195,home-3195,home,8.34,90
3196,toys-3196,toys,19.56,495
3197,food-3197,food,6.17,264
3198,electronics-3198,electronics,8.00,482
3199,clothing-3199,clothing,71.75,26
3200,books-3200,books,89.29,155
3201,home-3201,home,8.78,24
3202,toys-3202,toys,80.16,472
3203,food-3203,food,61.75,13
3204,electronics-3204,electronics,31.67,39
3205,clothing-3205,clothing,48.72,277
3206,books-3206,books,3.36,313
3207,home-3207,home,73.63,298
3208,toys-3208,toys,68.59,32
3209,food-3209,food,63.42,292
3210,electronics-3210,electronics,57.77,212
3211,clothing-3211,clothing,61.27,482
3212,books-3212,books,71.59,184
3213,home-3213,home,37.63,157
3214,toys-3214,toys,42.96,338
3215,food-3215,food,70.56,280
3216,electronics-3216,electronics,62.24,81
3217,clothing-3217,clothing,87.63,350
3218,books-3218,books,17.02,438
3219,home-3219,home,33.10,196
3220,toys-3220,toys,13.19,92
3221,food-3221,food,87.32,411
3222,electronics-3222,electronics,29.82,328
3223,clothing-3223,clothing,49.11,143
3224,books-3224,books,32.70,101
3225,home-3225,home,51.90,335
3226,toys-3226,toys,30.32,238
3227,food-3227,food,90.99,369
3228,electronics-3228,electronics,47.18,366
3229,clothing-3229,clothing,12.19,108
3230,books-3230,books,9.65,132
3231,home-3231,home,58.93,429
3232,toys-3232,toys,91.83,259
3233,food-3233,food,87.81,435
3234,electronics-3234,electronics,6.50,363
3235,clothing-3235,clothing,55.55,487
3236,books-3236,books,34.76,179
3237,home-3237,home,23.45,349
3238,toys-3238,toys,67.93,453
3239,food-3239,food,60.95,73
3240,electronics-3240,electronics,74.87,133
3241,clothing-3241,clothing,89.17,455
3242,books-3242,books,36.20,148
3243,home-3243,home,15.49,241
3244,toys-3244,toys,0.63,7
3245,food-3245,food,98.05,44
3246,electronics-3246,electronics,93.78,450
3247,clothing-3247,clothing,11.28,326
3248,books-3248,books,40.69,457
3249,home-3249,home,78.60,433
3250,toys-3250,toys,85.43,439
3251,food-3251,food,34.56,333
3252,electronics-3252,electronics,98.22,358
3253,clothing-3253,clothing,74.86,425
3254,books-3254,books,99.17,7
3255,home-3255,home,99.03,349
3256,toys-3256,toys,52.05,191
3257,food-3257,food,15.88,177
3258,electronics-3258,electronics,35.67,482
3259,clothing-3259,clothing,86.88,471
3260,books-3260,books,80.36,344
3261,home-3261,home,80.57,95
3262,toys-3262,toys,44.98,203
3263,food-3263,food,58.33,285
3264,electronics-3264,electronics,99.94,297
3265,clothing-3265,clothing,53.45,260
3266,books-3266,books,90.23,17
3267,home-3267,home,63.75,306
3268,toys-3268,toys,36.18,269
3269,food-3269,food,36.16,240
3270,electronics-3270,electronics,99.48,380
3271,clothing-3271,clothing,98.07,361
3272,books-3272,books,89.96,73
3273,home-3273,home,42.57,325
3274,toys-3274,toys,43.89,369
3275,food-3275,food,26.76,87
3276,electronics-3276,electronics,55.34,238
3277,clothing-3277,clothing,20.79,209
3278,books-3278,books,90.27,150
3279,home-3279,home,7.32,193
3280,toys-3280,toys,62.59,477
3281,food-3281,food,94.24,438
3282,electronics-3282,electronics,24.31,355
3283,clothing-3283,clothing,56.62,140
3284,books-3284,books,22.79,18
3285,home-3285,home,28.53,380
3286,toys-3286,toys,43.29,276
3287,food-3287,food,57.22,351
3288,electronics-3288,electronics,31.07,426
3289,clothing-3289,clothing,9.20,20
3290,books-3290,books,47.29,305
3291,home-3291,home,3.59,186
3292,toys-3292,toys,79.32,415
3293,food-3293,food,95.25,134
3294,electronics-3294,electronics,18.35,358
3295,clothing-3295,clothing,69.63,379
3296,books-3296,books,50.52,32
3297,home-3297,home,99.05,167
3298,toys-3298,toys,52.71,378
3299,food-3299,food,83.25,387
3300,electronics-3300,electronics,95.03,416
3301,clothing-3301,clothing,96.00,12
3302,books-3302,books,12.99,486
3303,home-3303,home,69.43,129
3304,toys-3304,toys,54.27,47
3305,food-3305,food,17.69,368
3306,electronics-3306,electronics,11.76,114
3307,clothing-3307,clothing,41.44,363
3308,books-3308,books,36.11,342
3309,home-3309,home,50.00,203
3310,toys-3310,toys,92.98,334
3311,food-3311,food,58.56,280
3312,electronics-3312,electronics,81.77,70
3313,clothing-3313,clothing,97.71,94
3314,books-3314,books,55.61,495
3315,home-3315,home,70.83,148
3316,toys-3316,toys,57.87,99
3317,food-3317,food,58.09,335
3318,electronics-3318,electronics,36.95,342
3319,clothing-3319,clothing,36.66,254
3320,books-3320,books,49.49,273
3321,home-3321,home,43.45,475
3322,toys-3322,toys,14.59,80
3323,food-3323,food,14.61,481
3324,electronics-3324,electronics,41.85,271
3325,clothing-3325,clothing,80.86,375
3326,books-3326,books,82.62,135
3327,home-3327,home,81.21,193
3328,toys-3328,toys,48.01,32
3329,food-3329,food,87.20,116
3330,electronics-3330,electronics,22.95,297
3331,clothing-3331,clothing,63.07,426
3332,books-3332,books,18.16,115
3333,home-3333,home,56.60,103
3334,toys-3334,toys,11.67,125
3335,food-3335,food,87.04,429
3336,electronics-3336,electronics,18.92,377
3337,clothing-3337,clothing,82.55,341
3338,books-3338,books,20.39,47
3339,home-3339,home,91.68,411
3340,toys-3340,toys,8.25,246
3341,food-3341,food,7.96,2
3342,electronics-3342,electronics,3.94,26
3343,clothing-3343,clothing,51.25,116
3344,books-3344,books,45.70,450
3345,home-3345,home,27.13,12
3346,toys-3346,toys,66.53,273
3347,food-3347,food,90.74,142
3348,electronics-3348,electronics,9.25,236
3349,clothing-3349,clothing,7.83,209
3350,books-3350,books,90.17,478
3351,home-3351,home,63.47,273
3352,toys-3352,toys,38.94,68
3353,food-3353,food,13.90,198
3354,electronics-3354,electronics,26.98,121
3355,clothing-3355,clothing,83.34,386
3356,books-3356,books,71.21,249
3357,home-3357,home,85.23,216
3358,toys-3358,toys,52.51,327
3359,food-3359,food,58.20,318
3360,electronics-3360,electronics,15.19,459
3361,clothing-3361,clothing,51.20,159
3362,books-3362,books,46.64,243
3363,home-3363,home,45.77,452
3364,toys-3364,toys,85.72,453
3365,food-3365,food,71.04,445
3366,electronics-3366,electronics,29.73,218
3367,clothing-3367,clothing,51.31,375
3368,books-3368,books,3.10,189
3369,home-3369,home,39.40,65
3370,toys-3370,toys,5.74,338
3371,food-3371,food,65.82,375
3372,electronics-3372,electronics,56.36,14
3373,clothing-3373,clothing,51.84,245
3374,books-3374,books,26.55,75
3375,home-3375,home,23.60,429
3376,toys-3376,toys,59.22,193
3377,food-3377,food,58.20,340
3378,electronics-3378,electronics,32.85,183
3379,clothing-3379,clothing,5.14,206
3380,books-3380,books,82.01,157
3381,home-3381,home,51.84,3
3382,toys-3382,toys,54.18,216
3383,food-3383,food,12.44,1
3384,electronics-3384,electronics,88.52,38
3385,clothing-3385,clothing,51.66,216
3386,books-3386,books,68.74,285
3387,home-3387,home,93.60,40
3388,toys-3388,toys,51.53,298
3389,food-3389,food,72.04,201
3390,electronics-3390,electronics,40.98,445
3391,clothing-3391,clothing,94.94,70
3392,books-3392,books,9.89,129
3393,home-3393,home,95.40,93
3394,toys-3394,toys,19.88,392
3395,food-3395,food,67.90,100
3396,electronics-3396,electronics,24.33,327
3397,clothing-3397,clothing,55.27,430
3398,books-3398,books,49.62,470
3399,home-3399,home,68.09,238
3400,toys-3400,toys,21.91,54
3401,food-3401,food,1.97,475
3402,electronics-3402,electronics,84.53,264
3403,clothing-3403,clothing,44.61,428
3404,books-3404,books,93.85,21
3405,home-3405,home,9.85,63
3406,toys-3406,toys,36.61,260
3407,food-3407,food,97.24,165
3408,electronics-3408,electronics,82.55,122
3409,clothing-3409,clothing,52.99,166
3410,books-3410,books,50.39,483
3411,home-3411,home,47.11,81
3412,toys-3412,toys,24.17,495
3413,food-3413,food,84.98,43
3414,electronics-3414,electronics,50.69,381
3415,clothing-3415,clothing,18.84,232
3416,books-3416,books,61.61,395
3417,home-3417,home,74.10,324
3418,toys-3418,toys,26.08,287
3419,food-3419,food,44.76,163
3420,electronics-3420,electronics,25.67,365
3421,clothing-3421,clothing,8.95,229
3422,books-3422,books,39.87,144
3423,home-3423,home,8.63,23
3424,toys-3424,toys,79.35,421
3425,food-3425,food,65.25,435
3426,electronics-3426,electronics,43.88,413
3427,clothing-3427,clothing,67.56,112
3428,books-3428,books,98.37,47
3429,home-3429,home,82.74,181
3430,toys-3430,toys,31.15,21
3431,food-3431,food,4.87,391
3432,electronics-3432,electronics,53.59,356
3433,clothing-3433,clothing,11.51,5
3434,books-3434,books,56.37,59
3435,home-3435,home,63.86,275
3436,toys-3436,toys,81.85,290
3437,food-3437,food,73.37,285
3438,electronics-3438,electronics,38.80,372
3439,clothing-3439,clothing,9.20,147
3440,books-3440,books,11.05,414
3441,home-3441,home,86.23,216
3442,toys-3442,toys,49.44,386
3443,food-3443,food,94.43,280
3444,electronics-3444,electronics,23.84,353
3445,clothing-3445,clothing,63.46,444
3446,books-3446,books,12.39,497
3447,home-3447,home,22.86,143
3448,toys-3448,toys,67.31,400
3449,food-3449,food,92.03,410
3450,electronics-3450,electronics,0.89,408
3451,clothing-3451,clothing,98.77,68
3452,books-3452,books,10.72,367
3453,home-3453,home,11.61,76
3454,toys-3454,toys,99.28,22
3455,food-3455,food,95.18,441
3456,electronics-3456,electronics,39.72,142
3457,clothing-3457,clothing,47.59,250
3458,books-3458,books,64.91,151
3459,home-3459,home,68.96,10
3460,toys-3460,toys,22.40,226
3461,food-3461,food,75.07,307
3462,electronics-3462,electronics,27.65,210
3463,clothing-3463,clothing,18.34,457
3464,books-3464,books,62.45,451
3465,home-3465,home,2.45,126
3466,toys-3466,toys,7.45,263
3467,food-3467,food,24.77,446
3468,electronics-3468,electronics,21.80,410
3469,clothing-3469,clothing,28.30,472
3470,books-3470,books,71.77,306
3471,home-3471,home,76.60,406
3472,toys-3472,toys,83.06,118
3473,food-3473,food,27.40,11
3474,electronics-3474,electronics,4.06,52
3475,clothing-3475,clothing,3.16,82
3476,books-3476,books,90.40,444
3477,home-3477,home,62.04,20
3478,toys-3478,toys,64.98,415
3479,food-3479,food,47.31,305
3480,electronics-3480,electronics,56.14,158
3481,clothing-3481,clothing,71.39,130
3482,books-3482,books,41.37,65
3483,home-3483,home,63.89,221
3484,toys-3484,toys,90.53,348
3485,food-3485,food,24.11,87
3486,electronics-3486,electronics,62.32,470
3487,clothing-3487,clothing,96.55,206
3488,books-3488,books,62.66,267
3489,home-3489,home,2.85,368
3490,toys-3490,toys,52.31,492
3491,food-3491,food,26.97,286
3492,electronics-3492,electronics,65.48,448
3493,clothing-3493,clothing,89.07,491
3494,books-3494,books,27.66,158
3495,home-3495,home,80.64,348
3496,toys-3496,toys,44.78,311
3497,food-3497,food,78.34,218
3498,electronics-3498,electronics,7.41,4
3499,clothing-3499,clothing,17.92,375
3500,books-3500,books,47.96,205
3501,home-3501,home,95.68,258
3502,toys-3502,toys,83.23,164
3503,food-3503,food,42.79,302
3504,electronics-3504,electronics,16.43,158
3505,clothing-3505,clothing,92.60,197
3506,books-3506,books,59.76,29
3507,home-3507,home,18.84,37
3508,toys-3508,toys,7.82,421
3509,food-3509,food,99.66,497
3510,electronics-3510,electronics,33.21,132
3511,clothing-3511,clothing,76.71,136
3512,books-3512,books,44.57,279
3513,home-3513,home,46.32,281
3514,toys-3514,toys,77.56,171
3515,food-3515,food,87.28,278
3516,electronics-3516,electronics,66.15,106
3517,clothing-3517,clothing,73.00,249
3518,books-3518,books,34.71,310
3519,home-3519,home,10.65,36
3520,toys-3520,toys,75.43,115
3521,food-3521,food,55.57,361
3522,electronics-3522,electronics,18.78,484
3523,clothing-3523,clothing,9.28,179
3524,books-3524,books,2.24,442
3525,home-3525,home,43.78,137
3526,toys-3526,toys,52.11,159
3527,food-3527,food,86.86,329
3528,electronics-3528,electronics,38.06,130
3529,clothing-3529,clothing,8.70,241
3530,books-3530,books,69.97,62
3531,home-3531,home,71.41,320
3532,toys-3532,toys,84.79,459
3533,food-3533,food,56.75,303
3534,electronics-3534,electronics,64.02,79
3535,clothing-3535,clothing,2.08,485
3536,books-3536,books,62.26,94
3537,home-3537,home,72.98,78
3538,toys-3538,toys,60.44,229
3539,food-3539,food,83.21,405
3540,electronics-3540,electronics,29.61,65
3541,clothing-3541,clothing,43.95,387
3542,books-3542,books,12.99,142
3543,home-3543,home,65.28,180
3544,toys-3544,toys,31.41,186
3545,food-3545,food,80.27,196
3546,electronics-3546,electronics,67.36,359
3547,clothing-3547,clothing,62.34,475
3548,books-3548,books,50.38,251
3549,home-3549,home,24.36,212
3550,toys-3550,toys,75.54,322
3551,food-3551,food,69.47,364
3552,electronics-3552,electronics,0.63,440
3553,clothing-3553,clothing,34.30,475
3554,books-3554,books,34.15,200
3555,home-3555,home,71.71,22
3556,toys-3556,toys,74.89,298
3557,food-3557,food,70.17,379
3558,electronics-3558,electronics,98.19,493
3559,clothing-3559,clothing,62.62,216
3560,books-3560,books,4.30,351
3561,home-3561,home,25.94,193
3562,toys-3562,toys,41.16,97
3563,food-3563,food,15.06,447
3564,electronics-3564,electronics,70.47,66
3565,clothing-3565,clothing,88.12,335
3566,books-3566,books,23.22,60
3567,home-3567,home,83.40,438
3568,toys-3568,toys,73.64,152
3569,food-3569,food,7.45,3
3570,electronics-3570,electronics,24.05,123
3571,clothing-3571,clothing,46.13,160
3572,books-3572,books,3.46,215
3573,home-3573,home,89.97,75
3574,toys-3574,toys,27.59,449
3575,food-3575,food,70.05,263
3576,electronics-3576,electronics,33.72,159
3577,clothing-3577,clothing,93.89,467
3578,books-3578,books,72.52,372
3579,home-3579,home,54.50,351
3580,toys-3580,toys,67.68,293
3581,food-3581,food,20.05,466
3582,electronics-3582,electronics,17.96,160
3583,clothing-3583,clothing,17.92,211
3584,books-3584,books,31.19,202
3585,home-3585,home,36.04,428
3586,toys-3586,toys,39.89,433
3587,food-3587,food,4.79,460
3588,electronics-3588,electronics,31.09,421
3589,clothing-3589,clothing,81.74,252
3590,books-3590,books,20.49,241
3591,home-3591,home,29.82,403
3592,toys-3592,toys,55.95,426
3593,food-3593,food,47.81,44
3594,electronics-3594,electronics,83.59,309
3595,clothing-3595,clothing,49.40,389
3596,books-3596,books,16.72,18
3597,home-3597,home,9.05,367
3598,toys-3598,toys,69.61,146
3599,food-3599,food,65.48,431
3600,electronics-3600,electronics,68.04,269
3601,clothing-3601,clothing,69.78,426
3602,books-3602,books,20.22,194
3603,home-3603,home,26.66,213
3604,toys-3604,toys,37.86,46
3605,food-3605,food,98.19,354
3606,electronics-3606,electronics,44.52,367
3607,clothing-3607,clothing,28.36,375
3608,books-3608,books,70.44,151
3609,home-3609,home,36.31,313
3610,toys-3610,toys,89.93,50
3611,food-3611,food,73.44,211
3612,electronics-3612,electronics,89.70,489
3613,clothing-3613,clothing,60.32,95
3614,books-3614,books,17.36,416
3615,home-3615,home,26.21,409
3616,toys-3616,toys,23.44,455
3617,food-3617,food,10.74,140
3618,electronics-3618,electronics,5.06,433
3619,clothing-3619,clothing,8.70,11
3620,books-3620,books,9.92,432
3621,home-3621,home,96.73,68
3622,toys-3622,toys,68.19,21
3623,food-3623,food,52.81,439
3624,electronics-3624,electronics,83.29,42
3625,clothing-3625,clothing,98.38,381
3626,books-3626,books,48.90,29
3627,home-3627,home,48.55,93
3628,toys-3628,toys,20.33,312
3629,food-3629,food,38.78,47
3630,electronics-3630,electronics,41.51,207
3631,clothing-3631,clothing,54.48,85
3632,books-3632,books,85.74,3
3633,home-3633,home,89.48,98
3634,toys-3634,toys,36.67,313
3635,food-3635,food,39.71,380
3636,electronics-3636,electronics,2.46,481
3637,clothing-3637,clothing,74.79,135
3638,books-3638,books,92.63,265
3639,home-3639,home,15.11,110
3640,toys-3640,toys,70.49,269
3641,food-3641,food,11.50,91
3642,electronics-3642,electronics,87.02,1
3643,clothing-3643,clothing,42.97,116
3644,books-3644,books,89.16,359
3645,home-3645,home,28.84,385
3646,toys-3646,toys,73.41,348
3647,food-3647,food,24.05,175
3648,electronics-3648,electronics,95.14,305
3649,clothing-3649,clothing,63.28,29
3650,books-3650,books,76.10,204
3651,home-3651,home,11.87,88
3652,toys-3652,toys,64.32,281
3653,food-3653,food,98.88,390
3654,electronics-3654,electronics,76.68,333
3655,clothing-3655,clothing,22.91,477
3656,books-3656,books,78.62,456
3657,home-3657,home,94.03,161
3658,toys-3658,toys,36.65,436
3659,food-3659,food,41.79,474
3660,electronics-3660,electronics,54.59,90
3661,clothing-3661,clothing,71.91,17
3662,books-3662,books,97.82,125
3663,home-3663,home,8.91,203
3664,toys-3664,toys,68.66,9
3665,food-3665,food,40.76,16
3666,electronics-3666,electronics,74.95,293
3667,clothing-3667,clothing,51.28,395
3668,books-3668,books,8.12,139
3669,home-3669,home,39.89,80
3670,toys-3670,toys,85.64,8
3671,food-3671,food,60.50,188
3672,electronics-3672,electronics,64.16,432
3673,clothing-3673,clothing,99.03,107
3674,books-3674,books,80.88,165
3675,home-3675,home,20.94,409
3676,toys-3676,toys,50.24,461
3677,food-3677,food,72.98,398
3678,electronics-3678,electronics,17.34,247
3679,clothing-3679,clothing,53.99,392
3680,books-3680,books,89.21,160
3681,home-3681,home,81.36,205
3682,toys-3682,toys,29.43,82
3683,food-3683,food,47.84,306
3684,electronics-3684,electronics,5.19,339
3685,clothing-3685,clothing,82.28,384
3686,books-3686,books,56.88,131
3687,home-3687,home,63.25,407
3688,toys-3688,toys,94.08,171
3689,food-3689,food,23.95,487
3690,electronics-3690,electronics,99.48,273
3691,clothing-3691,clothing,11.82,101
3692,books-3692,books,23.85,18
3693,home-3693,home,63.24,309
3694,toys-3694,toys,50.67,45
3695,food-3695,food,90.65,371
3696,electronics-3696,electronics,88.70,0
3697,clothing-3697,clothing,16.89,346
3698,books-3698,books,18.03,43
3699,home-3699,home,9.58,5
3700,toys-3700,toys,92.05,42
3701,food-3701,food,45.52,130
3702,electronics-3702,electronics,49.67,23
3703,clothing-3703,clothing,84.76,388
3704,books-3704,books,68.21,434
3705,home-3705,home,0.91,46
3706,toys-3706,toys,65.88,317
3707,food-3707,food,82.62,352
3708,electronics-3708,electronics,37.10,170
3709,clothing-3709,clothing,51.72,441
3710,books-3710,books,46.06,474
3711,home-3711,home,39.48,253
3712,toys-3712,toys,14.37,217
3713,food-3713,food,22.66,450
3714,electronics-3714,electronics,58.64,266
3715,clothing-3715,clothing,26.38,106
3716,books-3716,books,4.10,349
3717,home-3717,home,96.24,179
3718,toys-3718,toys,56.00,225
3719,food-3719,food,55.89,321
3720,electronics-3720,electronics,93.71,55
3721,clothing-3721,clothing,89.30,12
3722,books-3722,books,62.32,87
3723,home-3723,home,76.86,473
3724,toys-3724,toys,70.67,129
3725,food-3725,food,56.24,263
3726,electronics-3726,electronics,7.07,253
3727,clothing-3727,clothing,82.45,65
3728,books-3728,books,58.80,84
3729,home-3729,home,97.90,295
3730,toys-3730,toys,46.78,38
3731,food-3731,food,10.80,391
3732,electronics-3732,electronics,65.79,429
3733,clothing-3733,clothing,16.63,333
3734,books-3734,books,52.46,102
3735,home-3735,home,34.41,67
3736,toys-3736,toys,6.70,58
3737,food-3737,food,38.66,274
3738,electronics-3738,electronics,38.10,101
3739,clothing-3739,clothing,1.95,187
3740,books-3740,books,63.56,372
3741,home-3741,home,82.21,306
3742,toys-3742,toys,20.50,477
3743,food-3743,food,3.90,440
3744,electronics-3744,electronics,46.99,142
3745,clothing-3745,clothing,10.18,12
3746,books-3746,books,96.71,142
3747,home-3747,home,75.01,341
3748,toys-3748,toys,57.75,393
3749,food-3749,food,23.90,295
3750,electronics-3750,electronics,30.53,374
3751,clothing-3751,clothing,97.31,97
3752,books-3752,books,61.96,251
3753,home-3753,home,44.21,118
3754,toys-3754,toys,35.64,306
3755,food-3755,food,94.77,465
3756,electronics-3756,electronics,68.78,473
3757,clothing-3757,clothing,61.47,469
3758,books-3758,books,36.47,247
3759,home-3759,home,19.65,96
3760,toys-3760,toys,63.88,18
3761,food-3761,food,35.19,100
3762,electronics-3762,electronics,85.70,266
3763,clothing-3763,clothing,10.89,189
3764,books-3764,books,87.92,264
3765,home-3765,home,15.57,210
3766,toys-3766,toys,55.51,373
3767,food-3767,food,84.79,69
3768,electronics-3768,electronics,5.11,467
3769,clothing-3769,clothing,1.40,177
3770,books-3770,books,91.18,103
3771,home-3771,home,47.06,308
3772,toys-3772,toys,69.75,487
3773,food-3773,food,26.05,436
3774,electronics-3774,electronics,46.23,369
3775,clothing-3775,clothing,4.14,372
3776,books-3776,books,69.70,439
3777,home-3777,home,85.59,222
3778,toys-3778,toys,22.91,204
3779,food-3779,food,65.40,434
3780,electronics-3780,electronics,77.88,273
3781,clothing-3781,clothing,18.82,323
3782,books-3782,books,7.03,88
3783,home-3783,home,70.55,251
3784,toys-3784,toys,38.25,54
3785,food-3785,food,76.79,32
3786,electronics-3786,electronics,54.20,450
3787,clothing-3787,clothing,64.14,209
3788,books-3788,books,37.86,484
3789,home-3789,home,43.07,45
3790,toys-3790,toys,84.81,230
3791,food-3791,food,87.54,398
3792,electronics-3792,electronics,41.94,468
3793,clothing-3793,clothing,51.37,5
3794,books-3794,books,70.21,212
3795,home-3795,home,19.64,221
3796,toys-3796,toys,85.42,172
3797,food-3797,food,90.17,188
3798,electronics-3798,electronics,83.73,157
3799,clothing-3799,clothing,75.20,20
3800,books-3800,books,5.29,463
3801,home-3801,home,28.23,242
3802,toys-3802,toys,58.63,41
3803,food-3803,food,17.72,333
3804,electronics-3804,electronics,79.89,183
3805,clothing-3805,clothing,57.83,285
3806,books-3806,books,57.56,323
3807,home-3807,home,83.58,225
3808,toys-3808,toys,6.62,241
3809,food-3809,food,0.41,297
3810,electronics-3810,electronics,78.78,401
3811,clothing-3811,clothing,50.01,217
3812,books-3812,books,87.50,379
3813,home-3813,home,67.00,460
3814,toys-3814,toys,29.68,149
3815,food-3815,food,64.48,179
3816,electronics-3816,electronics,45.86,178
3817,clothing-3817,clothing,12.35,106
3818,books-3818,books,46.32,106
3819,home-3819,home,93.51,280
3820,toys-3820,toys,68.42,279
3821,food-3821,food,14.91,294
3822,electronics-3822,electronics,42.79,246
3823,clothing-3823,clothing,74.62,87
3824,books-3824,books,77.67,432
3825,home-3825,home,21.39,106
3826,toys-3826,toys,5.98,449
3827,food-3827,food,89.14,374
3828,electronics-3828,electronics,39.92,490
3829,clothing-3829,clothing,9.39,458
3830,books-3830,books,49.59,167
3831,home-3831,home,99.40,119
3832,toys-3832,toys,89.33,194
3833,food-3833,food,53.92,360
3834,electronics-3834,electronics,19.98,45
3835,clothing-3835,clothing,63.81,186
3836,books-3836,books,28.36,498
3837,home-3837,home,46.29,76
3838,toys-3838,toys,76.25,35
3839,food-3839,food,71.72,4
3840,electronics-3840,electronics,13.97,416
3841,clothing-3841,clothing,1.81,42
3842,books-3842,books,33.69,354
3843,home-3843,home,69.73,38
3844,toys-3844,toys,0.06,368
3845,food-3845,food,49.82,214
3846,electronics-3846,electronics,86.13,466
3847,clothing-3847,clothing,82.65,119
3848,books-3848,books,12.28,92
3849,home-3849,home,0.75,50
3850,toys-3850,toys,12.96,385
3851,food-3851,food,50.21,147
3852,electronics-3852,electronics,1.66,273
3853,clothing-3853,clothing,14.14,55
3854,books-3854,books,3.20,2
3855,home-3855,home,51.76,498
3856,toys-3856,toys,60.67,106
3857,food-3857,food,25.80,0
3858,electronics-3858,electronics,17.85,493
3859,clothing-3859,clothing,58.64,321
3860,books-3860,books,65.94,8
3861,home-3861,home,30.27,323
3862,toys-3862,toys,59.23,333
3863,food-3863,food,29.78,109
3864,electronics-3864,electronics,29.14,272
3865,clothing-3865,clothing,12.17,494
3866,books-3866,books,8.30,142
3867,home-3867,home,38.77,416
3868,toys-3868,toys,82.90,83
3869,food-3869,food,88.22,435
3870,electronics-3870,electronics,51.55,268
3871,clothing-3871,clothing,56.81,65
3872,books-3872,books,23.79,287
3873,home-3873,home,87.66,272
3874,toys-3874,toys,82.36,486
3875,food-3875,food,85.15,248
3876,electronics-3876,electronics,80.61,359
3877,clothing-3877,clothing,33.48,192
3878,books-3878,books,44.91,206
3879,home-3879,home,66.35,444
3880,toys-3880,toys,17.13,206
3881,food-3881,food,60.84,383
3882,electronics-3882,electronics,28.09,66
3883,clothing-3883,clothing,37.00,297
3884,books-3884,books,29.26,436
3885,home-3885,home,59.55,479
3886,toys-3886,toys,25.83,372
3887,food-3887,food,14.33,358
3888,electronics-3888,electronics,66.34,164
3889,clothing-3889,clothing,81.05,414
3890,books-3890,books,4.95,269
3891,home-3891,home,70.10,416
3892,toys-3892,toys,95.55,267
3893,food-3893,food,63.93,263
3894,electronics-3894,electronics,7.98,190
3895,clothing-3895,clothing,55.16,332
3896,books-3896,books,6.80,454
3897,home-3897,home,20.58,110
3898,toys-3898,toys,49.63,447
3899,food-3899,food,75.69,279
3900,electronics-3900,electronics,56.82,165
3901,clothing-3901,clothing,12.20,382
3902,books-3902,books,2.20,155
3903,home-3903,home,41.95,184
3904,toys-3904,toys,59.79,328
3905,food-3905,food,48.56,375
3906,electronics-3906,electronics,91.15,414
3907,clothing-3907,clothing,58.18,176
3908,books-3908,books,64.21,464
3909,home-3909,home,65.10,243
3910,toys-3910,toys,1.76,378
3911,food-3911,food,62.77,31
3912,electronics-3912,electronics,16.33,198
3913,clothing-3913,clothing,69.50,415
3914,books-3914,books,66.21,347
3915,home-3915,home,39.33,250
3916,toys-3916,toys,55.89,478
3917,food-3917,food,42.18,459
3918,electronics-3918,electronics,51.37,415
3919,clothing-3919,clothing,35.41,466
3920,books-3920,books,79.35,477
3921,home-3921,home,53.36,257
3922,toys-3922,toys,10.26,168
3923,food-3923,food,4.65,131
3924,electronics-3924,electronics,86.28,150
3925,clothing-3925,clothing,63.82,369
3926,books-3926,books,15.40,119
3927,home-3927,home,17.45,242
3928,toys-3928,toys,48.63,135
3929,food-3929,food,81.02,95
3930,electronics-3930,electronics,52.82,18
3931,clothing-3931,clothing,84.26,196
3932,books-3932,books,24.99,355
3933,home-3933,home,67.87,487
3934,toys-3934,toys,32.93,33
3935,food-3935,food,93.12,484
3936,electronics-3936,electronics,98.73,44
3937,clothing-3937,clothing,32.77,401
3938,books-3938,books,8.30,225
3939,home-3939,home,86.14,22
3940,toys-3940,toys,78.05,247
3941,food-3941,food,35.61,381
3942,electronics-3942,electronics,33.26,120
3943,clothing-3943,clothing,47.65,331
3944,books-3944,books,59.45,304
3945,home-3945,home,91.89,260
3946,toys-3946,toys,51.82,121
3947,food-3947,food,54.78,85
3948,electronics-3948,electronics,2.43,76
3949,clothing-3949,clothing,21.56,384
3950,books-3950,books,92.91,106
3951,home-3951,home,62.72,104
3952,toys-3952,toys,3.28,143
3953,food-3953,food,20.29,18
3954,electronics-3954,electronics,60.22,460
3955,clothing-3955,clothing,21.97,270
3956,books-3956,books,82.57,440
3957,home-3957,home,28.76,442
3958,toys-3958,toys,19.23,32
3959,food-3959,food,12.80,271
3960,electronics-3960,electronics,95.02,29
3961,clothing-3961,clothing,30.46,376
3962,books-3962,books,88.94,336
3963,home-3963,home,13.73,144
3964,toys-3964,toys,49.36,370
3965,food-3965,food,28.79,200
3966,electronics-3966,electronics,35.07,112
3967,clothing-3967,clothing,47.59,263
3968,books-3968,books,69.68,423
3969,home-3969,home,35.84,402
3970,toys-3970,toys,31.77,397
3971,food-3971,food,50.11,346
3972,electronics-3972,electronics,73.90,454
3973,clothing-3973,clothing,91.56,160
3974,books-3974,books,59.59,391
3975,home-3975,home,64.59,123
3976,toys-3976,toys,59.27,137
3977,food-3977,food,11.80,29
3978,electronics-3978,electronics,6.85,249
3979,clothing-3979,clothing,68.16,226
3980,books-3980,books,32.65,415
3981,home-3981,home,39.71,98
3982,toys-3982,toys,38.73,193
3983,food-3983,food,95.88,138
3984,electronics-3984,electronics,31.36,319
3985,clothing-3985,clothing,65.50,169
3986,books-3986,books,47.47,206
3987,home-3987,home,74.64,132
3988,toys-3988,toys,12.98,133
3989,food-3989,food,9.94,197
3990,electronics-3990,electronics,24.16,273
3991,clothing-3991,clothing,45.64,289
3992,books-3992,books,88.63,18
3993,home-3993,home,89.52,165
3994,toys-3994,toys,95.92,222
3995,food-3995,food,7.57,100
3996,electronics-3996,electronics,6.00,159
3997,clothing-3997,clothing,45.08,388
3998,books-3998,books,98.39,353
3999,home-3999,home,36.21,37
4000,toys-4000,toys,76.22,89
4001,food-4001,food,56.29,463
4002,electronics-4002,electronics,97.96,251
4003,clothing-4003,clothing,61.99,9
4004,books-4004,books,28.53,123
4005,home-4005,home,66.01,253
4006,toys-4006,toys,6.87,88
4007,food-4007,food,72.01,494
4008,electronics-4008,electronics,79.80,267
4009,clothing-4009,clothing,14.33,164
4010,books-4010,books,39.61,379
4011,home-4011,home,51.11,122
4012,toys-4012,toys,66.09,245
4013,food-4013,food,97.87,234
4014,electronics-4014,electronics,45.43,453
4015,clothing-4015,clothing,93.49,499
4016,books-4016,books,47.70,4
4017,home-4017,home,84.51,220
4018,toys-4018,toys,26.41,398
4019,food-4019,food,70.87,477
4020,electronics-4020,electronics,83.71,81
4021,clothing-4021,clothing,32.00,352
4022,books-4022,books,81.50,41
4023,home-4023,home,25.09,74
4024,toys-4024,toys,52.12,79
4025,food-4025,food,13.96,268
4026,electronics-4026,electronics,45.67,383
4027,clothing-4027,clothing,65.82,359
4028,books-4028,books,9.86,315
4029,home-4029,home,72.94,253
4030,toys-4030,toys,44.63,206
4031,food-4031,food,82.44,234
4032,electronics-4032,electronics,33.11,9
4033,clothing-4033,clothing,23.51,349
4034,books-4034,books,41.64,164
4035,home-4035,home,6.11,79
4036,toys-4036,toys,12.22,412
4037,food-4037,food,5.44,472
4038,electronics-4038,electronics,69.80,351
4039,clothing-4039,clothing,57.37,310
4040,books-4040,books,1.90,305
4041,home-4041,home,31.83,419
4042,toys-4042,toys,15.63,432
4043,food-4043,food,71.41,195
4044,electronics-4044,electronics,44.12,340
4045,clothing-4045,clothing,77.33,361
4046,books-4046,books,62.95,288
4047,home-4047,home,79.67,433
4048,toys-4048,toys,47.96,265
4049,food-4049,food,23.77,33
4050,electronics-4050,electronics,79.93,45
4051,clothing-4051,clothing,34.10,257
4052,books-4052,books,83.30,480
4053,home-4053,home,50.68,313
4054,toys-4054,toys,94.21,395
4055,food-4055,food,70.52,129
4056,electronics-4056,electronics,81.21,433
4057,clothing-4057,clothing,5.62,401
4058,books-4058,books,23.84,480
4059,home-4059,home,33.31,383
4060,toys-4060,toys,48.20,497
4061,food-4061,food,1.42,308
4062,electronics-4062,electronics,69.87,99
4063,clothing-4063,clothing,13.20,349
4064,books-4064,books,91.22,231
4065,home-4065,home,89.49,302
4066,toys-4066,toys,75.68,249
4067,food-4067,food,20.54,145
4068,electronics-4068,electronics,85.02,134
4069,clothing-4069,clothing,21.78,335
4070,books-4070,books,66.85,493
4071,home-4071,home,68.37,106
4072,toys-4072,toys,91.95,439
4073,food-4073,food,24.93,116
4074,electronics-4074,electronics,59.48,254
4075,clothing-4075,clothing,1.88,214
4076,books-4076,books,8.94,84
4077,home-4077,home,75.60,385
4078,toys-4078,toys,18.49,97
4079,food-4079,food,84.34,499
4080,electronics-4080,electronics,73.48,199
4081,clothing-4081,clothing,7.33,473
4082,books-4082,books,40.74,346
4083,home-4083,home,61.01,241
4084,toys-4084,toys,35.72,35
4085,food-4085,food,61.05,6
4086,electronics-4086,electronics,31.82,358
4087,clothing-4087,clothing,48.63,368
4088,books-4088,books,97.28,304
4089,home-4089,home,12.25,205
4090,toys-4090,toys,99.24,50
4091,food-4091,food,68.33,191
4092,electronics-4092,electronics,59.09,234
4093,clothing-4093,clothing,85.84,413
4094,books-4094,books,90.25,234
4095,home-4095,home,35.58,439
4096,toys-4096,toys,20.81,286
4097,food-4097,food,84.11,314
4098,electronics-4098,electronics,55.59,187
4099,clothing-4099,clothing,67.10,72
4100,books-4100,books,72.79,1
4101,home-4101,home,39.15,474
4102,toys-4102,toys,2.22,396
4103,food-4103,food,84.48,255
4104,electronics-4104,electronics,54.94,228
4105,clothing-4105,clothing,54.43,411
4106,books-4106,books,76.01,87
4107,home-4107,home,30.08,126
4108,toys-4108,toys,49.02,307
4109,food-4109,food,82.52,467
4110,electronics-4110,electronics,92.15,49
4111,clothing-4111,clothing,79.40,191
4112,books-4112,books,43.35,87
4113,home-4113,home,12.76,10
4114,toys-4114,toys,34.23,278
4115,food-4115,food,64.17,296
4116,electronics-4116,electronics,23.40,191
4117,clothing-4117,clothing,71.12,307
4118,books-4118,books,82.01,116
4119,home-4119,home,45.08,119
4120,toys-4120,toys,50.03,180
4121,food-4121,food,97.10,486
4122,electronics-4122,electronics,63.44,373
4123,clothing-4123,clothing,73.09,94
4124,books-4124,books,65.08,29
4125,home-4125,home,24.75,323
4126,toys-4126,toys,65.86,92
4127,food-4127,food,31.49,6
4128,electronics-4128,electronics,79.24,401
4129,clothing-4129,clothing,17.06,5
4130,books-4130,books,44.32,326
4131,home-4131,home,32.16,254
4132,toys-4132,toys,39.51,281
4133,food-4133,food,53.29,206
4134,electronics-4134,electronics,0.45,483
4135,clothing-4135,clothing,12.07,21
4136,books-4136,books,0.11,16
4137,home-4137,home,71.75,363
4138,toys-4138,toys,53.44,292
4139,food-4139,food,29.75,204
4140,electronics-4140,electronics,81.97,377
4141,clothing-4141,clothing,12.10,89
4142,books-4142,books,51.31,306
4143,home-4143,home,3.13,167
4144,toys-4144,toys,90.48,120
4145,food-4145,food,38.47,4
4146,electronics-4146,electronics,36.61,366
4147,clothing-4147,clothing,72.34,294
4148,books-4148,books,20.46,140
4149,home-4149,home,18.79,262
4150,toys-4150,toys,19.02,268
4151,food-4151,food,89.99,283
4152,electronics-4152,electronics,43.94,260
4153,clothing-4153,clothing,26.02,249
4154,books-4154,books,8.74,164
4155,home-4155,home,84.24,156
4156,toys-4156,toys,21.17,260
4157,food-4157,food,74.02,220
4158,electronics-4158,electronics,5.98,273
4159,clothing-4159,clothing,62.42,254
4160,books-4160,books,55.71,306
4161,home-4161,home,74.30,233
4162,toys-4162,toys,61.85,249
4163,food-4163,food,33.42,188
4164,electronics-4164,electronics,22.04,233
4165,clothing-4165,clothing,9.51,489
4166,books-4166,books,78.32,47
4167,home-4167,home,40.42,425
4168,toys-4168,toys,21.18,304
4169,food-4169,food,64.57,372
4170,electronics-4170,electronics,76.16,211
4171,clothing-4171,clothing,38.63,464
4172,books-4172,books,83.19,31
4173,home-4173,home,83.85,468
4174,toys-4174,toys,44.02,442
4175,food-4175,food,74.17,19
4176,electronics-4176,electronics,36.29,132
4177,clothing-4177,clothing,71.59,369
4178,books-4178,books,48.89,310
4179,home-4179,home,8.05,264
4180,toys-4180,toys,50.89,475
4181,food-4181,food,38.75,240
4182,electronics-4182,electronics,91.58,55
4183,clothing-4183,clothing,91.90,209
4184,books-4184,books,83.81,123
4185,home-4185,home,89.99,112
4186,toys-4186,toys,27.82,231
4187,food-4187,food,78.47,209
4188,electronics-4188,electronics,15.29,495
4189,clothing-4189,clothing,6.98,224
4190,books-4190,books,63.09,121
4191,home-4191,home,26.94,355
4192,toys-4192,toys,12.89,51
4193,food-4193,food,90.39,115
4194,electronics-4194,electronics,83.44,485
4195,clothing-4195,clothing,61.12,227
4196,books-4196,books,38.68,131
4197,home-4197,home,96.54,498
4198,toys-4198,toys,90.90,461
4199,food-4199,food,81.14,32
4200,electronics-4200,electronics,51.07,240
4201,clothing-4201,clothing,78.57,32
4202,books-4202,books,12.36,140
4203,home-4203,home,66.23,136
4204,toys-4204,toys,29.89,458
4205,food-4205,food,91.13,132
4206,electronics-4206,electronics,16.48,51
4207,clothing-4207,clothing,18.90,412
4208,books-4208,books,40.08,36
4209,home-4209,home,81.91,339
4210,toys-4210,toys,24.49,252
4211,food-4211,food,17.10,74
4212,electronics-4212,electronics,30.38,320
4213,clothing-4213,clothing,94.64,251
4214,books-4214,books,21.18,413
4215,home-4215,home,94.88,166
4216,toys-4216,toys,4.08,269
4217,food-4217,food,93.27,18
4218,electronics-4218,electronics,78.02,388
4219,clothing-4219,clothing,44.24,281
4220,books-4220,books,97.01,150
4221,home-4221,home,11.40,324
4222,toys-4222,toys,20.95,257
4223,food-4223,food,81.36,315
4224,electronics-4224,electronics,39.81,403
4225,clothing-4225,clothing,11.44,257
4226,books-4226,books,23.48,114
4227,home-4227,home,61.40,499
4228,toys-4228,toys,84.75,168
4229,food-4229,food,60.82,15
4230,electronics-4230,electronics,78.72,497
4231,clothing-4231,clothing,54.02,33
4232,books-4232,books,58.87,169
4233,home-4233,home,94.22,363
4234,toys-4234,toys,88.76,17
4235,food-4235,food,86.56,250
4236,electronics-4236,electronics,47.35,201
4237,clothing-4237,clothing,71.17,413
4238,books-4238,books,76.86,390
4239,home-4239,home,18.78,451
4240,toys-4240,toys,99.32,356
4241,food-4241,food,29.43,193
4242,electronics-4242,electronics,69.13,361
4243,clothing-4243,clothing,19.75,416
4244,books-4244,books,61.13,467
4245,home-4245,home,68.85,174
4246,toys-4246,toys,69.91,382
4247,food-4247,food,64.88,65
4248,electronics-4248,electronics,33.08,158
4249,clothing-4249,clothing,12.45,42
4250,books-4250,books,96.73,162
4251,home-4251,home,12.29,135
4252,toys-4252,toys,76.75,106
4253,food-4253,food,13.79,32
4254,electronics-4254,electronics,81.18,147
4255,clothing-4255,clothing,73.31,12
4256,books-4256,books,16.86,62
4257,home-4257,home,87.84,107
4258,toys-4258,toys,59.77,258
4259,food-4259,food,69.32,213
4260,electronics-4260,electronics,22.06,206
4261,clothing-4261,clothing,47.43,325
4262,books-4262,books,58.74,75
4263,home-4263,home,40.14,6
4264,toys-4264,toys,82.99,155
4265,food-4265,food,77.09,422
4266,electronics-4266,electronics,37.50,428
4267,clothing-4267,clothing,38.47,338
4268,books-4268,books,85.17,207
4269,home-4269,home,98.67,28
4270,toys-4270,toys,86.20,224
4271,food-4271,food,78.35,223
4272,electronics-4272,electronics,92.44,313
4273,clothing-4273,clothing,45.65,406
4274,books-4274,books,35.11,51
4275,home-4275,home,52.97,110
4276,toys-4276,toys,20.00,223
4277,food-4277,food,79.61,464
4278,electronics-4278,electronics,50.28,492
4279,clothing-4279,clothing,1.20,331
4280,books-4280,books,60.63,250
4281,home-4281,home,44.78,209
4282,toys-4282,toys,34.86,336
4283,food-4283,food,46.50,402
4284,electronics-4284,electronics,2.04,154
4285,clothing-4285,clothing,56.16,265
4286,books-4286,books,97.95,9
4287,home-4287,home,14.92,231
4288,toys-4288,toys,2.62,294
4289,food-4289,food,97.46,190
4290,electronics-4290,electronics,90.30,142
4291,clothing-4291,clothing,84.09,245
4292,books-4292,books,41.76,268
4293,home-4293,home,82.33,107
4294,toys-4294,toys,60.84,160
4295,food-4295,food,46.80,57
4296,electronics-4296,electronics,31.87,301
4297,clothing-4297,clothing,70.56,72
4298,books-4298,books,48.07,76
4299,home-4299,home,99.78,59
4300,toys-4300,toys,21.19,429
4301,food-4301,food,57.98,312
4302,electronics-4302,electronics,18.17,462
4303,clothing-4303,clothing,25.08,162
4304,books-4304,books,57.39,265
4305,home-4305,home,40.08,117
4306,toys-4306,toys,46.64,210
4307,food-4307,food,77.76,57
4308,electronics-4308,electronics,20.20,54
4309,clothing-4309,clothing,53.16,36
4310,books-4310,books,5.45,130
4311,home-4311,home,25.99,207
4312,toys-4312,toys,4.78,6
4313,food-4313,food,3.92,235
4314,electronics-4314,electronics,89.66,77
4315,clothing-4315,clothing,43.96,355
4316,books-4316,books,71.25,97
4317,home-4317,home,49.10,459
4318,toys-4318,toys,78.77,10
4319,food-4319,food,82.57,392
4320,electronics-4320,electronics,44.93,449
4321,clothing-4321,clothing,16.56,91
4322,books-4322,books,98.18,257
4323,home-4323,home,47.65,248
4324,toys-4324,toys,85.27,12
4325,food-4325,food,56.23,295
4326,electronics-4326,electronics,60.75,260
4327,clothing-4327,clothing,65.02,284
4328,books-4328,books,62.69,67
4329,home-4329,home,58.05,347
4330,toys-4330,toys,11.60,406
4331,food-4331,food,24.76,178
4332,electronics-4332,electronics,45.23,153
4333,clothing-4333,clothing,47.08,124
4334,books-4334,books,15.36,33
4335,home-4335,home,58.66,468
4336,toys-4336,toys,47.75,376
4337,food-4337,food,31.18,27
4338,electronics-4338,electronics,6.41,413
4339,clothing-4339,clothing,15.57,485
4340,books-4340,books,19.91,405
4341,home-4341,home,23.65,176
4342,toys-4342,toys,31.91,299
4343,food-4343,food,60.56,208
4344,electronics-4344,electronics,81.85,470
4345,clothing-4345,clothing,62.89,383
4346,books-4346,books,94.45,232
4347,home-4347,home,15.94,362
4348,toys-4348,toys,8.78,379
4349,food-4349,food,27.50,399
4350,electronics-4350,electronics,75.21,157
4351,clothing-4351,clothing,3.64,230
4352,books-4352,books,81.41,46
4353,home-4353,home,36.74,254
4354,toys-4354,toys,57.41,333
4355,food-4355,food,16.45,192
4356,electronics-4356,electronics,51.41,83
4357,clothing-4357,clothing,97.42,185
4358,books-4358,books,35.73,467
4359,home-4359,home,9.43,251
4360,toys-4360,toys,35.26,185
4361,food-4361,food,32.21,104
4362,electronics-4362,electronics,66.53,280
4363,clothing-4363,clothing,94.54,162
4364,books-4364,books,79.07,302
4365,home-4365,home,88.02,382
4366,toys-4366,toys,83.02,378
4367,food-4367,food,51.58,162
4368,electronics-4368,electronics,36.12,53
4369,clothing-4369,clothing,56.88,347
4370,books-4370,books,40.80,401
4371,home-4371,home,90.76,370
4372,toys-4372,toys,41.36,118
4373,food-4373,food,29.38,254
4374,electronics-4374,electronics,7.96,5
4375,clothing-4375,clothing,98.56,0
4376,books-4376,books,98.29,172
4377,home-4377,home,85.35,239
4378,toys-4378,toys,32.61,5
4379,food-4379,food,43.40,455
4380,electronics-4380,electronics,78.21,75
4381,clothing-4381,clothing,30.33,321
4382,books-4382,books,57.42,200
4383,home-4383,home,15.91,449
4384,toys-4384,toys,45.51,161
4385,food-4385,food,33.82,122
4386,electronics-4386,electronics,62.69,414
4387,clothing-4387,clothing,93.25,42
4388,books-4388,books,14.21,230
4389,home-4389,home,85.01,148
4390,toys-4390,toys,40.88,39
4391,food-4391,food,37.63,168
4392,electronics-4392,electronics,14.05,367
4393,clothing-4393,clothing,94.00,179
4394,books-4394,books,83.47,152
4395,home-4395,home,42.08,163
4396,toys-4396,toys,58.65,220
4397,food-4397,food,26.30,334
4398,electronics-4398,electronics,53.42,241
4399,clothing-4399,clothing,60.17,176
4400,books-4400,books,82.75,369
4401,home-4401,home,9.49,183
4402,toys-4402,toys,95.03,441
4403,food-4403,food,30.60,158
4404,electronics-4404,electronics,6.28,6
4405,clothing-4405,clothing,20.74,193
4406,books-4406,books,53.86,491
4407,home-4407,home,61.08,15
4408,toys-4408,toys,45.18,208
4409,food-4409,food,12.35,18
4410,electronics-4410,electronics,40.62,412
4411,clothing-4411,clothing,37.43,13
4412,books-4412,books,74.92,215
4413,home-4413,home,86.88,324
4414,toys-4414,toys,94.17,266
4415,food-4415,food,98.43,76
4416,electronics-4416,electronics,56.40,246
4417,clothing-4417,clothing,16.91,279
4418,books-4418,books,7.06,205
4419,home-4419,home,24.13,39
4420,toys-4420,toys,20.20,471
4421,food-4421,food,21.28,340
4422,electronics-4422,electronics,75.89,462
4423,clothing-4423,clothing,19.86,335
4424,books-4424,books,96.95,167
4425,home-4425,home,66.57,356
4426,toys-4426,toys,93.53,446
4427,food-4427,food,33.95,145
4428,electronics-4428,electronics,58.42,203
4429,clothing-4429,clothing,42.17,89
4430,books-4430,books,53.18,379
4431,home-4431,home,16.84,111
4432,toys-4432,toys,84.67,404
4433,food-4433,food,99.70,406
4434,electronics-4434,electronics,42.33,202
4435,clothing-4435,clothing,93.84,381
4436,books-4436,books,77.85,247
4437,home-4437,home,65.40,126
4438,toys-4438,toys,6.13,489
4439,food-4439,food,50.05,330
4440,electronics-4440,electronics,48.73,46
4441,clothing-4441,clothing,60.27,94
4442,books-4442,books,43.96,454
4443,home-4443,home,14.43,87
4444,toys-4444,toys,24.07,223
4445,food-4445,food,54.59,28
4446,electronics-4446,electronics,36.18,79
4447,clothing-4447,clothing,82.42,241
4448,books-4448,books,26.39,6
4449,home-4449,home,86.24,8
4450,toys-4450,toys,67.90,430
4451,food-4451,food,17.10,202
4452,electronics-4452,electronics,2.32,400
4453,clothing-4453,clothing,76.83,245
4454,books-4454,books,9.23,364
4455,home-4455,home,76.93,227
4456,toys-4456,toys,46.07,433
4457,food-4457,food,54.08,61
4458,electronics-4458,electronics,68.08,273
4459,clothing-4459,clothing,72.51,260
4460,books-4460,books,96.70,232
4461,home-4461,home,39.49,423
4462,toys-4462,toys,7.40,479
4463,food-4463,food,57.63,45
4464,electronics-4464,electronics,53.23,212
4465,clothing-4465,clothing,14.33,86
4466,books-4466,books,98.25,379
4467,home-4467,home,68.52,218
4468,toys-4468,toys,50.53,357
4469,food-4469,food,10.10,273
4470,electronics-4470,electronics,50.62,377
4471,clothing-4471,clothing,94.45,215
4472,books-4472,books,65.34,210
4473,home-4473,home,62.63,326
4474,toys-4474,toys,7.58,220
4475,food-4475,food,36.54,54
4476,electronics-4476,electronics,7.71,84
4477,clothing-4477,clothing,90.57,413
4478,books-4478,books,92.10,264
4479,home-4479,home,80.15,36
4480,toys-4480,toys,67.69,115
4481,food-4481,food,34.83,150
4482,electronics-4482,electronics,20.80,147
4483,clothing-4483,clothing,97.83,97
4484,books-4484,books,47.88,416
4485,home-4485,home,99.55,92
4486,toys-4486,toys,62.71,434
4487,food-4487,food,1.29,229
4488,electronics-4488,electronics,73.08,33
4489,clothing-4489,clothing,2.10,248
4490,books-4490,books,5.98,450
4491,home-4491,home,97.19,454
4492,toys-4492,toys,17.17,382
4493,food-4493,food,37.84,264
4494,electronics-4494,electronics,71.77,489
4495,clothing-4495,clothing,9.12,344
4496,books-4496,books,31.39,235
4497,home-4497,home,95.23,437
4498,toys-4498,toys,55.94,28
4499,food-4499,food,32.92,187
4500,electronics-4500,electronics,43.91,180
4501,clothing-4501,clothing,65.58,288
4502,books-4502,books,63.01,387
4503,home-4503,home,35.58,239
4504,toys-4504,toys,28.29,6
4505,food-4505,food,77.19,225
4506,electronics-4506,electronics,14.68,407
4507,clothing-4507,clothing,31.68,90
4508,books-4508,books,65.78,75
4509,home-4509,home,81.22,227
4510,toys-4510,toys,67.43,325
4511,food-4511,food,45.15,33
4512,electronics-4512,electronics,18.23,124
4513,clothing-4513,clothing,30.12,273
4514,books-4514,books,5.03,284
4515,home-4515,home,28.70,411
4516,toys-4516,toys,98.94,468
4517,food-4517,food,59.90,265
4518,electronics-4518,electronics,49.55,50
4519,clothing-4519,clothing,7.04,230
4520,books-4520,books,95.96,114
4521,home-4521,home,0.36,295
4522,toys-4522,toys,74.59,84
4523,food-4523,food,16.86,18
4524,electronics-4524,electronics,50.52,215
4525,clothing-4525,clothing,72.59,408
4526,books-4526,books,80.54,77
4527,home-4527,home,3.74,263
4528,toys-4528,toys,49.89,346
4529,food-4529,food,67.48,434
4530,electronics-4530,electronics,71.24,384
4531,clothing-4531,clothing,52.43,360
4532,books-4532,books,43.92,214
4533,home-4533,home,9.77,484
4534,toys-4534,toys,47.42,87
4535,food-4535,food,14.46,91
4536,electronics-4536,electronics,19.85,333
4537,clothing-4537,clothing,47.60,201
4538,books-4538,books,39.90,102
4539,home-4539,home,54.36,388
4540,toys-4540,toys,49.13,457
4541,food-4541,food,20.84,365
4542,electronics-4542,electronics,86.18,450
4543,clothing-4543,clothing,54.76,484
4544,books-4544,books,62.93,232
4545,home-4545,home,55.20,174
4546,toys-4546,toys,7.89,123
4547,food-4547,food,43.02,109
4548,electronics-4548,electronics,75.19,350
4549,clothing-4549,clothing,15.05,73
4550,books-4550,books,88.16,255
4551,home-4551,home,75.33,341
4552,toys-4552,toys,33.76,491
4553,food-4553,food,50.77,259
4554,electronics-4554,electronics,83.87,189
4555,clothing-4555,clothing,34.55,25
4556,books-4556,books,89.42,488
4557,home-4557,home,31.40,89
4558,toys-4558,toys,70.50,250
4559,food-4559,food,58.59,160
4560,electronics-4560,electronics,89.11,191
4561,clothing-4561,clothing,30.32,186
4562,books-4562,books,40.59,469
4563,home-4563,home,83.98,189
4564,toys-4564,toys,50.62,387
4565,food-4565,food,26.30,488
4566,electronics-4566,electronics,43.57,357
4567,clothing-4567,clothing,44.38,74
4568,books-4568,books,29.15,166
4569,home-4569,home,43.36,129
4570,toys-4570,toys,0.25,211
4571,food-4571,food,76.64,75
4572,electronics-4572,electronics,46.83,362
4573,clothing-4573,clothing,13.42,29
4574,books-4574,books,69.40,442
4575,home-4575,home,9.98,393
4576,toys-4576,toys,71.34,184
4577,food-4577,food,89.30,48
4578,electronics-4578,electronics,9.19,266
4579,clothing-4579,clothing,14.10,373
4580,books-4580,books,90.80,361
4581,home-4581,home,56.78,453
4582,toys-4582,toys,69.89,267
4583,food-4583,food,84.82,243
4584,electronics-4584,electronics,58.78,244
4585,clothing-4585,clothing,63.56,59
4586,books-4586,books,57.63,40
4587,home-4587,home,32.49,2
4588,toys-4588,toys,94.53,415
4589,food-4589,food,71.24,366
4590,electronics-4590,electronics,50.03,290
4591,clothing-4591,clothing,83.01,461
4592,books-4592,books,47.78,123
4593,home-4593,home,74.79,204
4594,toys-4594,toys,60.95,39
4595,food-4595,food,43.72,370
4596,electronics-4596,electronics,81.32,489
4597,clothing-4597,clothing,36.04,232
4598,books-4598,books,15.28,373
4599,home-4599,home,35.47,294
4600,toys-4600,toys,66.99,100
4601,food-4601,food,47.83,334
4602,electronics-4602,electronics,78.12,252
4603,clothing-4603,clothing,99.92,420
4604,books-4604,books,60.01,131
4605,home-4605,home,41.77,129
4606,toys-4606,toys,97.51,274
4607,food-4607,food,69.46,373
4608,electronics-4608,electronics,8.47,357
4609,clothing-4609,clothing,91.02,122
4610,books-4610,books,70.50,15
4611,home-4611,home,91.16,377
4612,toys-4612,toys,34.03,14
4613,food-4613,food,63.70,115
4614,electronics-4614,electronics,71.90,418
4615,clothing-4615,clothing,76.55,234
4616,books-4616,books,36.39,72
4617,home-4617,home,92.28,215
4618,toys-4618,toys,52.76,289
4619,food-4619,food,25.91,53
4620,electronics-4620,electronics,3.08,199
4621,clothing-4621,clothing,65.80,480
4622,books-4622,books,24.68,194
4623,home-4623,home,28.70,479
4624,toys-4624,toys,95.22,429
4625,food-4625,food,75.88,47
4626,electronics-4626,electronics,49.17,32
4627,clothing-4627,clothing,13.24,52
4628,books-4628,books,73.22,180
4629,home-4629,home,15.82,247
4630,toys-4630,toys,69.80,18
4631,food-4631,food,50.12,225
4632,electronics-4632,electronics,88.40,423
4633,clothing-4633,clothing,13.14,365
4634,books-4634,books,20.30,272
4635,home-4635,home,85.22,216
4636,toys-4636,toys,5.66,314
4637,food-4637,food,82.55,460
4638,electronics-4638,electronics,74.29,491
4639,clothing-4639,clothing,60.99,457
4640,books-4640,books,44.75,274
4641,home-4641,home,56.58,449
4642,toys-4642,toys,55.30,294
4643,food-4643,food,97.91,343
4644,electronics-4644,electronics,69.38,117
4645,clothing-4645,clothing,15.34,16
4646,books-4646,books,67.32,69
4647,home-4647,home,96.49,118
4648,toys-4648,toys,67.27,105
4649,food-4649,food,69.97,196
4650,electronics-4650,electronics,38.79,53
4651,clothing-4651,clothing,51.34,156
4652,books-4652,books,11.84,110
4653,home-4653,home,76.08,105
4654,toys-4654,toys,19.28,462
4655,food-4655,food,63.80,41
4656,electronics-4656,electronics,65.34,75
4657,clothing-4657,clothing,50.13,446
4658,books-4658,books,67.66,91
4659,home-4659,home,92.24,194
4660,toys-4660,toys,81.67,184
4661,food-4661,food,22.17,26
4662,electronics-4662,electronics,90.84,218
4663,clothing-4663,clothing,59.93,142
4664,books-4664,books,55.46,392
4665,home-4665,home,25.61,448
4666,toys-4666,toys,3.78,414
4667,food-4667,food,37.92,298
4668,electronics-4668,electronics,61.29,465
4669,clothing-4669,clothing,80.25,409
4670,books-4670,books,75.97,64
4671,home-4671,home,21.69,340
4672,toys-4672,toys,31.95,383
4673,food-4673,food,27.35,264
4674,electronics-4674,electronics,28.28,498
4675,clothing-4675,clothing,97.15,330
4676,books-4676,books,19.89,92
4677,home-4677,home,56.04,383
4678,toys-4678,toys,55.36,230
4679,food-4679,food,46.75,335
4680,electronics-4680,electronics,30.85,53
4681,clothing-4681,clothing,57.16,244
4682,books-4682,books,54.06,202
4683,home-4683,home,68.90,390
4684,toys-4684,toys,64.18,475
4685,food-4685,food,88.08,235
4686,electronics-4686,electronics,67.70,83
4687,clothing-4687,clothing,55.78,89
4688,books-4688,books,32.04,450
4689,home-4689,home,0.90,155
4690,toys-4690,toys,94.04,477
4691,food-4691,food,80.78,17
4692,electronics-4692,electronics,45.10,210
4693,clothing-4693,clothing,74.86,108
4694,books-4694,books,11.96,122
4695,home-4695,home,38.30,497
4696,toys-4696,toys,72.71,499
4697,food-4697,food,35.66,74
4698,electronics-4698,electronics,28.05,121
4699,clothing-4699,clothing,47.43,208
4700,books-4700,books,84.42,330
4701,home-4701,home,79.96,124
4702,toys-4702,toys,55.50,21
4703,food-4703,food,59.49,336
4704,electronics-4704,electronics,48.06,298
4705,clothing-4705,clothing,88.71,373
4706,books-4706,books,3.44,161
4707,home-4707,home,51.32,35
4708,toys-4708,toys,20.35,198
4709,food-4709,food,0.30,326
4710,electronics-4710,electronics,95.83,361
4711,clothing-4711,clothing,74.70,14
4712,books-4712,books,84.55,176
4713,home-4713,home,41.04,365
4714,toys-4714,toys,43.25,213
4715,food-4715,food,8.99,73
4716,electronics-4716,electronics,42.74,453
4717,clothing-4717,clothing,28.23,90
4718,books-4718,books,71.99,406
4719,home-4719,home,72.42,450
4720,toys-4720,toys,98.33,144
4721,food-4721,food,20.60,10
4722,electronics-4722,electronics,36.72,112
4723,clothing-4723,clothing,40.87,225
4724,books-4724,books,62.70,184
4725,home-4725,home,28.89,97
4726,toys-4726,toys,27.43,163
4727,food-4727,food,40.99,455
4728,electronics-4728,electronics,74.02,95
4729,clothing-4729,clothing,81.05,406
4730,books-4730,books,91.97,156
4731,home-4731,home,65.38,237
4732,toys-4732,toys,0.34,444
4733,food-4733,food,33.09,77
4734,electronics-4734,electronics,61.46,179
4735,clothing-4735,clothing,86.39,291
4736,books-4736,books,70.66,203
4737,home-4737,home,32.26,114
4738,toys-4738,toys,76.79,322
4739,food-4739,food,59.78,9
4740,electronics-4740,electronics,81.55,408
4741,clothing-4741,clothing,79.89,66
4742,books-4742,books,87.58,129
4743,home-4743,home,17.59,404
4744,toys-4744,toys,86.23,230
4745,food-4745,food,27.31,281
4746,electronics-4746,electronics,9.12,237
4747,clothing-4747,clothing,57.03,484
4748,books-4748,books,52.72,168
4749,home-4749,home,40.83,376
4750,toys-4750,toys,93.18,101
4751,food-4751,food,4.60,177
4752,electronics-4752,electronics,22.76,307
4753,clothing-4753,clothing,65.96,338
4754,books-4754,books,24.73,34
4755,home-4755,home,56.39,393
4756,toys-4756,toys,34.43,232
4757,food-4757,food,67.29,260
4758,electronics-4758,electronics,51.52,105
4759,clothing-4759,clothing,80.27,248
4760,books-4760,books,13.17,494
4761,home-4761,home,30.77,305
4762,toys-4762,toys,52.53,422
4763,food-4763,food,96.38,59
4764,electronics-4764,electronics,88.97,239
4765,clothing-4765,clothing,79.25,156
4766,books-4766,books,93.59,89
4767,home-4767,home,50.62,213
4768,toys-4768,toys,29.08,465
4769,food-4769,food,11.07,272
4770,electronics-4770,electronics,14.50,387
4771,clothing-4771,clothing,69.06,140
4772,books-4772,books,55.24,195
4773,home-4773,home,26.21,353
4774,toys-4774,toys,14.69,276
4775,food-4775,food,54.49,317
4776,electronics-4776,electronics,56.13,353
4777,clothing-4777,clothing,90.07,129
4778,books-4778,books,70.36,381
4779,home-4779,home,64.39,461
4780,toys-4780,toys,34.88,355
4781,food-4781,food,16.36,159
4782,electronics-4782,electronics,26.63,2
4783,clothing-4783,clothing,92.41,336
4784,books-4784,books,61.65,233
4785,home-4785,home,7.56,32
4786,toys-4786,toys,30.37,206
4787,food-4787,food,46.70,482
4788,electronics-4788,electronics,24.49,21
4789,clothing-4789,clothing,11.63,437
4790,books-4790,books,90.06,347
4791,home-4791,home,58.15,288
4792,toys-4792,toys,62.32,353
4793,food-4793,food,97.95,486
4794,electronics-4794,electronics,0.65,390
4795,clothing-4795,clothing,67.92,154
4796,books-4796,books,19.11,437
4797,home-4797,home,54.50,306
4798,toys-4798,toys,43.10,179
4799,food-4799,food,54.83,443
4800,electronics-4800,electronics,61.53,109
4801,clothing-4801,clothing,43.82,255
4802,books-4802,books,89.34,454
4803,home-4803,home,99.43,303
4804,toys-4804,toys,51.06,131
4805,food-4805,food,43.84,34
4806,electronics-4806,electronics,35.73,186
4807,clothing-4807,clothing,81.71,182
4808,books-4808,books,47.37,108
4809,home-4809,home,38.35,23
4810,toys-4810,toys,37.48,242
4811,food-4811,food,60.76,226
4812,electronics-4812,electronics,7.01,68
4813,clothing-4813,clothing,9.55,282
4814,books-4814,books,11.51,499
4815,home-4815,home,35.15,480
4816,toys-4816,toys,30.75,218
4817,food-4817,food,56.15,178
4818,electronics-4818,electronics,17.86,473
4819,clothing-4819,clothing,73.11,201
4820,books-4820,books,90.13,330
4821,home-4821,home,98.90,492
4822,toys-4822,toys,77.83,137
4823,food-4823,food,73.96,486
4824,electronics-4824,electronics,46.49,198
4825,clothing-4825,clothing,92.57,498
4826,books-4826,books,26.65,342
4827,home-4827,home,76.18,6
4828,toys-4828,toys,10.24,302
4829,food-4829,food,20.88,486
4830,electronics-4830,electronics,57.01,494
4831,clothing-4831,clothing,77.34,467
4832,books-4832,books,28.74,129
4833,home-4833,home,80.42,63
4834,toys-4834,toys,68.93,476
4835,food-4835,food,27.08,154
4836,electronics-4836,electronics,73.21,8
4837,clothing-4837,clothing,14.48,17
4838,books-4838,books,86.28,371
4839,home-4839,home,72.35,71
4840,toys-4840,toys,44.52,241
4841,food-4841,food,96.23,350
4842,electronics-4842,electronics,49.14,438
4843,clothing-4843,clothing,83.94,474
4844,books-4844,books,86.58,52
4845,home-4845,home,56.57,105
4846,toys-4846,toys,28.47,97
4847,food-4847,food,55.97,409
4848,electronics-4848,electronics,81.74,213
4849,clothing-4849,clothing,28.51,32
4850,books-4850,books,54.08,119
4851,home-4851,home,35.24,142
4852,toys-4852,toys,16.42,160
4853,food-4853,food,15.86,46
4854,electronics-4854,electronics,69.69,152
4855,clothing-4855,clothing,44.70,446
4856,books-4856,books,57.25,129
4857,home-4857,home,33.21,231
4858,toys-4858,toys,67.93,481
4859,food-4859,food,17.59,357
4860,electronics-4860,electronics,12.33,100
4861,clothing-4861,clothing,34.42,53
4862,books-4862,books,22.20,241
4863,home-4863,home,82.44,181
4864,toys-4864,toys,25.56,311
4865,food-4865,food,40.69,344
4866,electronics-4866,electronics,63.05,218
4867,clothing-4867,clothing,55.29,6
4868,books-4868,books,78.91,286
4869,home-4869,home,0.06,97
4870,toys-4870,toys,32.60,236
4871,food-4871,food,44.30,349
4872,electronics-4872,electronics,85.25,314
4873,clothing-4873,clothing,86.82,490
4874,books-4874,books,87.01,62
4875,home-4875,home,48.80,372
4876,toys-4876,toys,60.78,245
4877,food-4877,food,94.22,361
4878,electronics-4878,electronics,34.73,201
4879,clothing-4879,clothing,3.71,178
4880,books-4880,books,39.94,344
4881,home-4881,home,8.04,25
4882,toys-4882,toys,78.82,427
4883,food-4883,food,25.05,478
4884,electronics-4884,electronics,97.67,65
4885,clothing-4885,clothing,96.91,315
4886,books-4886,books,12.16,188
4887,home-4887,home,66.71,85
4888,toys-4888,toys,7.44,273
4889,food-4889,food,54.70,377
4890,electronics-4890,electronics,84.68,471
4891,clothing-4891,clothing,61.70,188
4892,books-4892,books,78.25,437
4893,home-4893,home,37.77,302
4894,toys-4894,toys,57.84,41
4895,food-4895,food,23.26,221
4896,electronics-4896,electronics,27.02,180
4897,clothing-4897,clothing,89.72,410
4898,books-4898,books,6.19,173
4899,home-4899,home,34.73,318
4900,toys-4900,toys,83.91,416
4901,food-4901,food,52.64,45
4902,electronics-4902,electronics,40.87,127
4903,clothing-4903,clothing,86.20,173
4904,books-4904,books,68.52,242
4905,home-4905,home,92.00,253
4906,toys-4906,toys,49.96,489
4907,food-4907,food,0.16,440
4908,electronics-4908,electronics,74.62,303
4909,clothing-4909,clothing,92.78,113
4910,books-4910,books,27.46,440
4911,home-4911,home,47.27,413
4912,toys-4912,toys,30.35,388
4913,food-4913,food,99.52,114
4914,electronics-4914,electronics,48.95,41
4915,clothing-4915,clothing,58.46,481
4916,books-4916,books,7.18,112
4917,home-4917,home,50.79,284
4918,toys-4918,toys,22.72,350
4919,food-4919,food,25.55,290
4920,electronics-4920,electronics,39.68,293
4921,clothing-4921,clothing,48.46,68
4922,books-4922,books,18.06,304
4923,home-4923,home,24.02,371
4924,toys-4924,toys,81.32,190
4925,food-4925,food,56.25,351
4926,electronics-4926,electronics,35.06,437
4927,clothing-4927,clothing,68.35,297
4928,books-4928,books,25.97,329
4929,home-4929,home,69.46,134
4930,toys-4930,toys,71.91,351
4931,food-4931,food,85.83,471
4932,electronics-4932,electronics,23.63,441
4933,clothing-4933,clothing,70.40,429
4934,books-4934,books,63.21,251
4935,home-4935,home,99.52,102
4936,toys-4936,toys,1.93,64
4937,food-4937,food,12.32,327
4938,electronics-4938,electronics,65.46,96
4939,clothing-4939,clothing,77.61,430
4940,books-4940,books,6.05,241
4941,home-4941,home,47.96,1
4942,toys-4942,toys,55.54,368
4943,food-4943,food,71.50,150
4944,electronics-4944,electronics,51.42,318
4945,clothing-4945,clothing,15.74,349
4946,books-4946,books,22.95,472
4947,home-4947,home,54.70,267
4948,toys-4948,toys,1.55,387
4949,food-4949,food,21.76,484
4950,electronics-4950,electronics,36.85,166
4951,clothing-4951,clothing,73.97,226
4952,books-4952,books,27.82,299
4953,home-4953,home,53.48,234
4954,toys-4954,toys,86.43,399
4955,food-4955,food,15.82,239
4956,electronics-4956,electronics,27.12,432
4957,clothing-4957,clothing,17.48,61
4958,books-4958,books,11.10,257
4959,home-4959,home,58.50,281
4960,toys-4960,toys,70.55,116
4961,food-4961,food,46.76,226
4962,electronics-4962,electronics,16.66,106
4963,clothing-4963,clothing,86.84,330
4964,books-4964,books,83.62,495
4965,home-4965,home,18.67,352
4966,toys-4966,toys,83.12,269
4967,food-4967,food,4.60,412
4968,electronics-4968,electronics,29.23,438
4969,clothing-4969,clothing,13.93,211
4970,books-4970,books,25.97,163
4971,home-4971,home,41.36,393
4972,toys-4972,toys,35.78,215
4973,food-4973,food,39.80,10
4974,electronics-4974,electronics,6.06,349
4975,clothing-4975,clothing,41.11,24
4976,books-4976,books,79.32,490
4977,home-4977,home,72.09,6
4978,toys-4978,toys,37.51,197
4979,food-4979,food,57.97,377
4980,electronics-4980,electronics,47.36,12
4981,clothing-4981,clothing,35.85,436
4982,books-4982,books,76.09,371
4983,home-4983,home,27.39,370
4984,toys-4984,toys,71.15,145
4985,food-4985,food,37.65,243
4986,electronics-4986,electronics,82.55,114
4987,clothing-4987,clothing,69.63,427
4988,books-4988,books,25.68,128
4989,home-4989,home,46.11,204
4990,toys-4990,toys,22.52,424
4991,food-4991,food,67.89,498
4992,electronics-4992,electronics,77.47,97
4993,clothing-4993,clothing,1.17,241
4994,books-4994,books,54.03,68
4995,home-4995,home,35.30,55
4996,toys-4996,toys,61.93,257
4997,food-4997,food,43.82,6
4998,electronics-4998,electronics,48.85,331
4999,clothing-4999,clothing,62.77,403
5000,books-5000,books,9.41,307
5001,home-5001,home,38.33,491
5002,toys-5002,toys,28.59,58
5003,food-5003,food,51.25,489
5004,electronics-5004,electronics,80.40,147
5005,clothing-5005,clothing,1.57,334
5006,books-5006,books,54.62,126
5007,home-5007,home,40.62,489
5008,toys-5008,toys,6.08,498
5009,food-5009,food,93.81,329
5010,electronics-5010,electronics,58.61,459
5011,clothing-5011,clothing,8.78,108
5012,books-5012,books,2.06,308
5013,home-5013,home,80.56,227
5014,toys-5014,toys,87.94,211
5015,food-5015,food,21.40,304
5016,electronics-5016,electronics,16.36,5
5017,clothing-5017,clothing,96.71,333
5018,books-5018,books,86.85,282
5019,home-5019,home,39.83,66
5020,toys-5020,toys,68.70,110
5021,food-5021,food,61.08,392
5022,electronics-5022,electronics,45.68,322
5023,clothing-5023,clothing,23.69,449
5024,books-5024,books,43.81,283
5025,home-5025,home,55.42,90
5026,toys-5026,toys,30.53,120
5027,food-5027,food,5.12,236
5028,electronics-5028,electronics,2.18,125
5029,clothing-5029,clothing,72.56,430
5030,books-5030,books,87.93,28
5031,home-5031,home,55.71,408
5032,toys-5032,toys,59.06,354
5033,food-5033,food,12.39,472
5034,electronics-5034,electronics,74.62,159
5035,clothing-5035,clothing,83.26,247
5036,books-5036,books,36.69,482
5037,home-5037,home,28.36,198
5038,toys-5038,toys,92.05,430
5039,food-5039,food,65.66,192
5040,electronics-5040,electronics,14.31,400
5041,clothing-5041,clothing,43.45,316
5042,books-5042,books,31.98,152
5043,home-5043,home,92.23,334
5044,toys-5044,toys,73.87,8
5045,food-5045,food,19.01,292
5046,electronics-5046,electronics,72.67,392
5047,clothing-5047,clothing,81.56,451
5048,books-5048,books,64.84,196
5049,home-5049,home,65.00,356
5050,toys-5050,toys,14.26,461
5051,food-5051,food,23.31,262
5052,electronics-5052,electronics,47.73,82
5053,clothing-5053,clothing,12.66,170
5054,books-5054,books,68.75,449
5055,home-5055,home,94.22,257
5056,toys-5056,toys,59.88,310
5057,food-5057,food,80.02,312
5058,electronics-5058,electronics,7.54,396
5059,clothing-5059,clothing,81.00,455
5060,books-5060,books,72.86,261
5061,home-5061,home,60.09,465
5062,toys-5062,toys,31.16,112
5063,food-5063,food,50.03,485
5064,electronics-5064,electronics,29.28,308
5065,clothing-5065,clothing,40.10,300
5066,books-5066,books,74.56,116
5067,home-5067,home,15.74,200
5068,toys-5068,toys,32.18,44
5069,food-5069,food,41.91,95
5070,electronics-5070,electronics,38.00,363
5071,clothing-5071,clothing,26.00,376
5072,books-5072,books,59.98,147
5073,home-5073,home,56.96,393
5074,toys-5074,toys,44.29,493
5075,food-5075,food,52.93,113
5076,electronics-5076,electronics,56.42,468
5077,clothing-5077,clothing,7.12,470
5078,books-5078,books,24.65,26
5079,home-5079,home,25.81,179
5080,toys-5080,toys,41.21,267
5081,food-5081,food,8.72,413
5082,electronics-5082,electronics,14.35,390
5083,clothing-5083,clothing,84.34,251
5084,books-5084,books,1.32,196
5085,home-5085,home,23.64,322
5086,toys-5086,toys,38.36,185
5087,food-5087,food,24.60,378
5088,electronics-5088,electronics,62.71,359
5089,clothing-5089,clothing,30.38,299
5090,books-5090,books,5.89,225
5091,home-5091,home,68.76,458
5092,toys-5092,toys,84.35,15
5093,food-5093,food,37.38,157
5094,electronics-5094,electronics,52.02,348
5095,clothing-5095,clothing,44.89,493
5096,books-5096,books,74.13,318
5097,home-5097,home,17.54,405
5098,toys-5098,toys,74.75,371
5099,food-5099,food,5.67,44
5100,electronics-5100,electronics,35.12,428
5101,clothing-5101,clothing,57.84,375
5102,books-5102,books,15.19,307
5103,home-5103,home,37.54,188
5104,toys-5104,toys,90.14,145
5105,food-5105,food,49.03,382
5106,electronics-5106,electronics,54.03,438
5107,clothing-5107,clothing,15.29,271
5108,books-5108,books,14.90,162
5109,home-5109,home,53.89,301
5110,toys-5110,toys,58.75,437
5111,food-5111,food,59.70,273
5112,electronics-5112,electronics,89.17,64
5113,clothing-5113,clothing,44.16,440
5114,books-5114,books,15.01,151
5115,home-5115,home,36.05,237
5116,toys-5116,toys,6.64,261
5117,food-5117,food,83.45,223
5118,electronics-5118,electronics,84.19,138
5119,clothing-5119,clothing,99.42,135
5120,books-5120,books,73.19,392
5121,home-5121,home,3.39,170
5122,toys-5122,toys,91.83,354
5123,food-5123,food,67.76,284
5124,electronics-5124,electronics,92.80,253
5125,clothing-5125,clothing,70.16,205
5126,books-5126,books,3.30,366
5127,home-5127,home,63.58,366
5128,toys-5128,toys,5.63,450
5129,food-5129,food,97.57,397
5130,electronics-5130,electronics,88.79,102
5131,clothing-5131,clothing,96.49,462
5132,books-5132,books,42.33,453
5133,home-5133,home,89.00,237
5134,toys-5134,toys,30.25,425
5135,food-5135,food,5.54,133
5136,electronics-5136,electronics,89.05,207
5137,clothing-5137,clothing,61.27,463
5138,books-5138,books,72.40,425
5139,home-5139,home,94.23,123
5140,toys-5140,toys,33.99,42
5141,food-5141,food,87.71,396
5142,electronics-5142,electronics,45.22,21
5143,clothing-5143,clothing,51.03,11
5144,books-5144,books,31.76,210
5145,home-5145,home,99.58,238
5146,toys-5146,toys,73.85,367
5147,food-5147,food,46.16,126
5148,electronics-5148,electronics,93.52,337
5149,clothing-5149,clothing,69.11,492
5150,books-5150,books,49.89,447
5151,home-5151,home,15.98,307
5152,toys-5152,toys,79.47,40
5153,food-5153,food,88.93,36
5154,electronics-5154,electronics,5.54,226
5155,clothing-5155,clothing,23.55,184
5156,books-5156,books,29.46,350
5157,home-5157,home,89.21,426
5158,toys-5158,toys,77.29,249
5159,food-5159,food,35.55,327
5160,electronics-5160,electronics,40.74,493
5161,clothing-5161,clothing,26.85,298
5162,books-5162,books,94.90,112
5163,home-5163,home,70.53,417
5164,toys-5164,toys,62.39,494
5165,food-5165,food,61.00,109
5166,electronics-5166,electronics,37.83,236
5167,clothing-5167,clothing,6.45,35
5168,books-5168,books,27.33,342
5169,home-5169,home,87.01,110
5170,toys-5170,toys,31.85,282
5171,food-5171,food,46.17,267
5172,electronics-5172,electronics,17.33,193
5173,clothing-5173,clothing,72.32,332
5174,books-5174,books,65.17,212
5175,home-5175,home,59.04,88
5176,toys-5176,toys,29.02,281
5177,food-5177,food,45.93,275
5178,electronics-5178,electronics,72.74,450
5179,clothing-5179,clothing,58.92,425
5180,books-5180,books,73.01,156
5181,home-5181,home,62.21,160
5182,toys-5182,toys,24.48,163
5183,food-5183,food,98.83,463
5184,electronics-5184,electronics,59.95,388
5185,clothing-5185,clothing,49.31,446
5186,books-5186,books,98.32,489
5187,home-5187,home,68.42,234
5188,toys-5188,toys,81.77,376
5189,food-5189,food,60.64,267
5190,electronics-5190,electronics,82.94,179
5191,clothing-5191,clothing,61.79,37
5192,books-5192,books,74.76,499
5193,home-5193,home,30.77,321
5194,toys-5194,toys,50.78,217
5195,food-5195,food,2.42,360
5196,electronics-5196,electronics,51.99,377
5197,clothing-5197,clothing,44.84,135
5198,books-5198,books,16.72,159
5199,home-5199,home,96.64,315
5200,toys-5200,toys,71.57,306
5201,food-5201,food,65.39,183
5202,electronics-5202,electronics,6.21,174
5203,clothing-5203,clothing,48.16,0
5204,books-5204,books,74.36,104
5205,home-5205,home,81.94,77
5206,toys-5206,toys,2.52,172
5207,food-5207,food,54.88,382
5208,electronics-5208,electronics,77.89,279
5209,clothing-5209,clothing,69.59,96
5210,books-5210,books,19.28,277
5211,home-5211,home,36.18,406
5212,toys-5212,toys,74.06,132
5213,food-5213,food,77.99,45
5214,electronics-5214,electronics,72.19,407
5215,clothing-5215,clothing,19.72,317
5216,books-5216,books,0.86,468
5217,home-5217,home,27.18,395
5218,toys-5218,toys,55.10,423
5219,food-5219,food,35.45,103
5220,electronics-5220,electronics,29.28,142
5221,clothing-5221,clothing,19.22,309
5222,books-5222,books,67.37,139
5223,home-5223,home,41.51,258
5224,toys-5224,toys,54.43,253
5225,food-5225,food,26.65,263
5226,electronics-5226,electronics,62.53,320
5227,clothing-5227,clothing,19.10,182
5228,books-5228,books,35.38,207
5229,home-5229,home,33.15,352
5230,toys-5230,toys,89.23,325
5231,food-5231,food,99.18,6
5232,electronics-5232,electronics,37.80,24
5233,clothing-5233,clothing,6.34,489
5234,books-5234,books,58.52,358
5235,home-5235,home,2.87,87
5236,toys-5236,toys,39.48,396
5237,food-5237,food,35.70,344
5238,electronics-5238,electronics,27.65,355
5239,clothing-5239,clothing,17.63,44
5240,books-5240,books,98.60,307
5241,home-5241,home,53.63,335
5242,toys-5242,toys,17.37,434
5243,food-5243,food,91.61,322
5244,electronics-5244,electronics,45.00,394
5245,clothing-5245,clothing,38.85,352
5246,books-5246,books,80.29,305
5247,home-5247,home,98.22,43
5248,toys-5248,toys,44.01,206
5249,food-5249,food,23.93,416
5250,electronics-5250,electronics,30.91,488
5251,clothing-5251,clothing,4.22,333
5252,books-5252,books,82.03,87
5253,home-5253,home,63.26,118
5254,toys-5254,toys,39.42,100
5255,food-5255,food,32.54,291
5256,electronics-5256,electronics,41.03,112
5257,clothing-5257,clothing,59.85,437
5258,books-5258,books,87.71,230
5259,home-5259,home,24.48,450
5260,toys-5260,toys,6.01,69
5261,food-5261,food,50.37,22
5262,electronics-5262,electronics,92.73,253
5263,clothing-5263,clothing,26.55,143
5264,books-5264,books,38.71,115
5265,home-5265,home,50.45,288
5266,toys-5266,toys,36.81,5
5267,food-5267,food,40.40,453
5268,electronics-5268,electronics,38.90,2
5269,clothing-5269,clothing,64.93,187
5270,books-5270,books,25.31,87
5271,home-5271,home,27.06,279
5272,toys-5272,toys,77.46,48
5273,food-5273,food,22.60,465
5274,electronics-5274,electronics,3.82,129
5275,clothing-5275,clothing,38.64,410
5276,books-5276,books,67.91,252
5277,home-5277,home,12.15,499
5278,toys-5278,toys,48.37,84
5279,food-5279,food,41.62,315
5280,electronics-5280,electronics,6.74,359
5281,clothing-5281,clothing,69.45,423
5282,books-5282,books,11.16,403
5283,home-5283,home,25.84,104
5284,toys-5284,toys,97.62,143
5285,food-5285,food,5.20,333
5286,electronics-5286,electronics,23.48,425
5287,clothing-5287,clothing,13.50,406
5288,books-5288,books,73.32,283
5289,home-5289,home,63.03,438
5290,toys-5290,toys,51.45,222
5291,food-5291,food,75.46,456
5292,electronics-5292,electronics,24.81,421
5293,clothing-5293,clothing,75.43,173
5294,books-5294,books,7.75,394
5295,home-5295,home,10.02,157
5296,toys-5296,toys,79.73,404
5297,food-5297,food,10.57,392
5298,electronics-5298,electronics,51.58,240
5299,clothing-5299,clothing,47.07,277
5300,books-5300,books,94.20,182
5301,home-5301,home,55.46,298
5302,toys-5302,toys,14.87,155
5303,food-5303,food,5.74,170
5304,electronics-5304,electronics,22.92,278
5305,clothing-5305,clothing,7.92,186
5306,books-5306,books,99.02,127
5307,home-5307,home,6.29,177
5308,toys-5308,toys,44.08,179
5309,food-5309,food,1.00,80
5310,electronics-5310,electronics,11.30,62
5311,clothing-5311,clothing,63.07,15
5312,books-5312,books,71.11,77
5313,home-5313,home,58.17,429
5314,toys-5314,toys,88.63,283
5315,food-5315,food,60.44,107
5316,electronics-5316,electronics,27.18,141
5317,clothing-5317,clothing,48.43,432
5318,books-5318,books,63.32,332
5319,home-5319,home,31.35,0
5320,toys-5320,toys,6.88,192
5321,food-5321,food,84.01,189
5322,electronics-5322,electronics,57.40,332
5323,clothing-5323,clothing,73.76,99
5324,books-5324,books,80.45,92
5325,home-5325,home,99.91,483
5326,toys-5326,toys,70.76,319
5327,food-5327,food,21.65,283
5328,electronics-5328,electronics,87.86,152
5329,clothing-5329,clothing,62.44,247
5330,books-5330,books,87.90,290
5331,home-5331,home,98.70,147
5332,toys-5332,toys,82.72,127
5333,food-5333,food,53.05,234
5334,electronics-5334,electronics,37.37,178
5335,clothing-5335,clothing,32.65,359
5336,books-5336,books,39.73,326
5337,home-5337,home,96.30,417
5338,toys-5338,toys,35.95,368
5339,food-5339,food,39.14,193
5340,electronics-5340,electronics,40.93,427
5341,clothing-5341,clothing,27.37,181
5342,books-5342,books,7.35,9
5343,home-5343,home,72.01,131
5344,toys-5344,toys,38.81,272
5345,food-5345,food,3.72,184
5346,electronics-5346,electronics,66.56,460
5347,clothing-5347,clothing,41.48,341
5348,books-5348,books,94.14,3
5349,home-5349,home,49.21,184
5350,toys-5350,toys,44.45,140
5351,food-5351,food,78.36,143
5352,electronics-5352,electronics,83.83,391
5353,clothing-5353,clothing,57.42,239
5354,books-5354,books,15.62,41
5355,home-5355,home,46.05,19
5356,toys-5356,toys,59.57,361
5357,food-5357,food,79.09,458
5358,electronics-5358,electronics,39.13,25
5359,clothing-5359,clothing,78.70,436
5360,books-5360,books,9.13,48
5361,home-5361,home,14.94,389
5362,toys-5362,toys,20.37,26
5363,food-5363,food,96.52,241
5364,electronics-5364,electronics,58.71,167
5365,clothing-5365,clothing,16.95,61
5366,books-5366,books,12.47,212
5367,home-5367,home,18.13,38
5368,toys-5368,toys,94.56,469
5369,food-5369,food,0.35,482
5370,electronics-5370,electronics,39.60,473
5371,clothing-5371,clothing,25.03,431
5372,books-5372,books,8.87,231
5373,home-5373,home,14.88,331
5374,toys-5374,toys,74.68,23
5375,food-5375,food,15.88,228
5376,electronics-5376,electronics,73.85,382
5377,clothing-5377,clothing,53.93,4
5378,books-5378,books,32.92,460
5379,home-5379,home,46.24,246
5380,toys-5380,toys,0.88,215
5381,food-5381,food,45.80,334
5382,electronics-5382,electronics,9.63,479
5383,clothing-5383,clothing,97.61,54
5384,books-5384,books,20.57,343
5385,home-5385,home,43.56,443
5386,toys-5386,toys,25.16,91
5387,food-5387,food,97.90,332
5388,electronics-5388,electronics,29.35,34
5389,clothing-5389,clothing,43.03,423
5390,books-5390,books,8.54,410
5391,home-5391,home,75.78,83
5392,toys-5392,toys,24.32,162
5393,food-5393,food,55.20,116
5394,electronics-5394,electronics,35.55,207
5395,clothing-5395,clothing,39.88,35
5396,books-5396,books,1.95,443
5397,home-5397,home,2.00,179
5398,toys-5398,toys,77.14,99
5399,food-5399,food,41.60,319
5400,electronics-5400,electronics,74.83,297
5401,clothing-5401,clothing,59.25,313
5402,books-5402,books,70.30,339
5403,home-5403,home,59.54,227
5404,toys-5404,toys,26.83,416
5405,food-5405,food,54.74,335
5406,electronics-5406,electronics,29.34,488
5407,clothing-5407,clothing,49.49,329
5408,books-5408,books,65.60,167
5409,home-5409,home,82.85,375
5410,toys-5410,toys,11.86,175
5411,food-5411,food,16.36,128
5412,electronics-5412,electronics,59.99,241
5413,clothing-5413,clothing,95.06,404
5414,books-5414,books,18.95,65
5415,home-5415,home,20.65,494
5416,toys-5416,toys,96.50,66
5417,food-5417,food,93.27,350
5418,electronics-5418,electronics,84.93,65
5419,clothing-5419,clothing,95.79,134
5420,books-5420,books,81.56,472
5421,home-5421,home,32.64,65
5422,toys-5422,toys,86.49,312
5423,food-5423,food,68.83,55
5424,electronics-5424,electronics,91.60,312
5425,clothing-5425,clothing,7.21,144
5426,books-5426,books,43.00,323
5427,home-5427,home,59.39,55
5428,toys-5428,toys,66.23,302
5429,food-5429,food,13.36,339
5430,electronics-5430,electronics,87.45,330
5431,clothing-5431,clothing,96.50,49
5432,books-5432,books,85.02,127
5433,home-5433,home,59.44,343
5434,toys-5434,toys,25.06,266
5435,food-5435,food,69.05,41
5436,electronics-5436,electronics,86.81,270
5437,clothing-5437,clothing,97.28,200
5438,books-5438,books,70.45,360
5439,home-5439,home,60.65,392
5440,toys-5440,toys,80.30,59
5441,food-5441,food,82.63,14
5442,electronics-5442,electronics,2.16,310
5443,clothing-5443,clothing,39.09,83
5444,books-5444,books,74.80,344
5445,home-5445,home,31.72,391
5446,toys-5446,toys,55.31,7
5447,food-5447,food,37.00,210
5448,electronics-5448,electronics,96.86,200
5449,clothing-5449,clothing,14.42,163
5450,books-5450,books,28.28,120
5451,home-5451,home,59.14,138
5452,toys-5452,toys,85.66,360
5453,food-5453,food,69.94,486
5454,electronics-5454,electronics,83.11,107
5455,clothing-5455,clothing,25.47,472
5456,books-5456,books,17.10,487
5457,home-5457,home,98.22,87
5458,toys-5458,toys,8.34,33
5459,food-5459,food,19.15,2
5460,electronics-5460,electronics,58.47,357
5461,clothing-5461,clothing,10.05,279
5462,books-5462,books,61.90,424
5463,home-5463,home,69.84,360
5464,toys-5464,toys,38.97,265
5465,food-5465,food,21.25,204
5466,electronics-5466,electronics,23.52,282
5467,clothing-5467,clothing,30.29,388
5468,books-5468,books,43.51,267
5469,home-5469,home,59.09,256
5470,toys-5470,toys,91.98,249
5471,food-5471,food,68.52,221
5472,electronics-5472,electronics,11.15,267
5473,clothing-5473,clothing,3.82,356
5474,books-5474,books,48.68,73
5475,home-5475,home,99.22,280
5476,toys-5476,toys,15.39,413
5477,food-5477,food,19.69,421
5478,electronics-5478,electronics,74.04,238
5479,clothing-5479,clothing,21.90,462
5480,books-5480,books,39.61,116
5481,home-5481,home,89.17,191
5482,toys-5482,toys,47.27,310
5483,food-5483,food,88.98,217
5484,electronics-5484,electronics,57.81,6
5485,clothing-5485,clothing,75.86,54
5486,books-5486,books,21.53,339
5487,home-5487,home,49.99,485
5488,toys-5488,toys,66.23,194
5489,food-5489,food,29.33,409
5490,electronics-5490,electronics,69.44,140
5491,clothing-5491,clothing,57.77,413
5492,books-5492,books,38.62,112
5493,home-5493,home,51.65,334
5494,toys-5494,toys,74.23,193
5495,food-5495,food,56.33,415
5496,electronics-5496,electronics,89.15,207
5497,clothing-5497,clothing,6.57,337
5498,books-5498,books,44.97,83
5499,home-5499,home,41.84,466
5500,toys-5500,toys,23.41,221
5501,food-5501,food,37.88,303
5502,electronics-5502,electronics,33.70,30
5503,clothing-5503,clothing,51.62,111
5504,books-5504,books,89.48,79
5505,home-5505,home,44.81,152
5506,toys-5506,toys,40.56,44
5507,food-5507,food,70.62,483
5508,electronics-5508,electronics,94.58,105
5509,clothing-5509,clothing,59.15,130
5510,books-5510,books,2.02,331
5511,home-5511,home,18.23,298
5512,toys-5512,toys,71.46,99
5513,food-5513,food,74.52,143
5514,electronics-5514,electronics,31.76,73
5515,clothing-5515,clothing,64.47,453
5516,books-5516,books,56.78,356
5517,home-5517,home,28.50,423
5518,toys-5518,toys,0.48,244
5519,food-5519,food,12.03,351
5520,electronics-5520,electronics,82.23,348
5521,clothing-5521,clothing,64.88,223
5522,books-5522,books,82.96,64
5523,home-5523,home,8.25,79
5524,toys-5524,toys,53.27,153
5525,food-5525,food,33.43,384
5526,electronics-5526,electronics,25.16,269
5527,clothing-5527,clothing,46.66,40
5528,books-5528,books,39.34,159
5529,home-5529,home,65.19,183
5530,toys-5530,toys,70.05,305
5531,food-5531,food,58.75,454
5532,electronics-5532,electronics,92.57,374
5533,clothing-5533,clothing,84.98,312
5534,books-5534,books,30.46,465
5535,home-5535,home,89.60,419
5536,toys-5536,toys,41.73,102
5537,food-5537,food,8.09,350
5538,electronics-5538,electronics,7.61,204
5539,clothing-5539,clothing,8.07,3
5540,books-5540,books,82.42,481
5541,home-5541,home,18.28,352
5542,toys-5542,toys,2.61,97
5543,food-5543,food,56.97,379
5544,electronics-5544,electronics,54.17,358
5545,clothing-5545,clothing,7.33,279
5546,books-5546,books,1.21,248
5547,home-5547,home,54.45,194
5548,toys-5548,toys,56.03,166
5549,food-5549,food,50.00,223
5550,electronics-5550,electronics,90.23,397
5551,clothing-5551,clothing,90.91,436
5552,books-5552,books,57.68,285
5553,home-5553,home,89.01,268
5554,toys-5554,toys,52.43,38
5555,food-5555,food,36.90,285
5556,electronics-5556,electronics,32.95,301
5557,clothing-5557,clothing,24.05,208
5558,books-5558,books,33.27,180
5559,home-5559,home,39.33,164
5560,toys-5560,toys,34.26,431
5561,food-5561,food,36.88,40
5562,electronics-5562,electronics,33.49,499
5563,clothing-5563,clothing,42.40,40
5564,books-5564,books,49.82,144
5565,home-5565,home,49.65,222
5566,toys-5566,toys,54.15,484
5567,food-5567,food,61.37,381
5568,electronics-5568,electronics,14.45,458
5569,clothing-5569,clothing,55.35,404
5570,books-5570,books,64.23,184
5571,home-5571,home,30.37,73
5572,toys-5572,toys,27.51,387
5573,food-5573,food,1.46,417
5574,electronics-5574,electronics,24.55,436
5575,clothing-5575,clothing,86.67,394
5576,books-5576,books,36.37,47
5577,home-5577,home,87.36,395
5578,toys-5578,toys,70.12,205
5579,food-5579,food,39.30,446
5580,electronics-5580,electronics,42.90,159
5581,clothing-5581,clothing,59.74,443
5582,books-5582,books,39.24,400
5583,home-5583,home,86.07,391
5584,toys-5584,toys,45.74,369
5585,food-5585,food,75.13,230
5586,electronics-5586,electronics,26.52,234
5587,clothing-5587,clothing,31.98,283
5588,books-5588,books,36.21,184
5589,home-5589,home,24.64,248
5590,toys-5590,toys,30.26,377
5591,food-5591,food,97.82,132
5592,electronics-5592,electronics,86.64,291
5593,clothing-5593,clothing,33.09,464
5594,books-5594,books,73.21,424
5595,home-5595,home,13.17,218
5596,toys-5596,toys,45.88,77
5597,food-5597,food,16.24,98
5598,electronics-5598,electronics,17.93,140
5599,clothing-5599,clothing,77.34,416
5600,books-5600,books,52.13,213
5601,home-5601,home,81.24,15
5602,toys-5602,toys,13.73,378
5603,food-5603,food,82.23,151
5604,electronics-5604,electronics,88.33,138
5605,clothing-5605,clothing,70.46,477
5606,books-5606,books,99.78,280
5607,home-5607,home,61.73,444
5608,toys-5608,toys,40.68,240
5609,food-5609,food,63.13,475
5610,electronics-5610,electronics,62.11,268
5611,clothing-5611,clothing,5.95,7
5612,books-5612,books,66.32,425
5613,home-5613,home,9.55,284
5614,toys-5614,toys,65.53,213
5615,food-5615,food,66.16,264
5616,electronics-5616,electronics,49.29,56
5617,clothing-5617,clothing,51.38,99
5618,books-5618,books,7.95,325
5619,home-5619,home,54.79,311
5620,toys-5620,toys,60.73,347
5621,food-5621,food,24.14,475
5622,electronics-5622,electronics,82.14,250
5623,clothing-5623,clothing,1.04,375
5624,books-5624,books,76.73,383
5625,home-5625,home,86.35,62
5626,toys-5626,toys,67.92,103
5627,food-5627,food,55.39,419
5628,electronics-5628,electronics,94.38,57
5629,clothing-5629,clothing,95.27,450
5630,books-5630,books,41.10,319
5631,home-5631,home,74.61,93
5632,toys-5632,toys,16.27,463
5633,food-5633,food,10.21,419
5634,electronics-5634,electronics,27.58,498
5635,clothing-5635,clothing,30.76,325
5636,books-5636,books,60.43,265
5637,home-5637,home,87.42,249
5638,toys-5638,toys,92.44,418
5639,food-5639,food,15.66,427
5640,electronics-5640,electronics,83.29,35
5641,clothing-5641,clothing,77.00,135
5642,books-5642,books,18.89,419
5643,home-5643,home,90.90,18
5644,toys-5644,toys,48.31,244
5645,food-5645,food,74.42,207
5646,electronics-5646,electronics,11.94,82
5647,clothing-5647,clothing,87.33,158
5648,books-5648,books,99.34,404
5649,home-5649,home,98.86,362
5650,toys-5650,toys,7.84,367
5651,food-5651,food,1.49,320
5652,electronics-5652,electronics,7.58,385
5653,clothing-5653,clothing,6.54,146
5654,books-5654,books,98.68,342
5655,home-5655,home,62.22,470
5656,toys-5656,toys,91.82,350
5657,food-5657,food,10.73,249
5658,electronics-5658,electronics,41.72,224
5659,clothing-5659,clothing,22.87,154
5660,books-5660,books,97.59,109
5661,home-5661,home,50.79,188
5662,toys-5662,toys,78.40,109
5663,food-5663,food,58.71,21
5664,electronics-5664,electronics,8.30,144
5665,clothing-5665,clothing,13.75,119
5666,books-5666,books,98.94,213
5667,home-5667,home,31.84,34
5668,toys-5668,toys,30.71,243
5669,food-5669,food,66.94,347
5670,electronics-5670,electronics,11.64,327
5671,clothing-5671,clothing,74.94,140
5672,books-5672,books,2.95,225
5673,home-5673,home,53.23,461
5674,toys-5674,toys,72.77,103
5675,food-5675,food,35.55,299
5676,electronics-5676,electronics,88.83,268
5677,clothing-5677,clothing,94.24,378
5678,books-5678,books,57.22,163
5679,home-5679,home,18.71,478
5680,toys-5680,toys,16.42,21
5681,food-5681,food,0.68,384
5682,electronics-5682,electronics,73.59,54
5683,clothing-5683,clothing,46.13,333
5684,books-5684,books,21.10,494
5685,home-5685,home,33.98,447
5686,toys-5686,toys,89.01,111
5687,food-5687,food,34.69,455
5688,electronics-5688,electronics,40.90,392
5689,clothing-5689,clothing,16.04,443
5690,books-5690,books,1.02,329
5691,home-5691,home,92.92,231
5692,toys-5692,toys,74.76,42
5693,food-5693,food,81.90,371
5694,electronics-5694,electronics,58.70,101
5695,clothing-5695,clothing,79.46,31
5696,books-5696,books,1.00,39
5697,home-5697,home,36.58,212
5698,toys-5698,toys,59.24,67
5699,food-5699,food,81.13,431
5700,electronics-5700,electronics,66.73,107
5701,clothing-5701,clothing,92.61,28
5702,books-5702,books,50.76,365
5703,home-5703,home,56.81,397
5704,toys-5704,toys,76.61,152
5705,food-5705,food,54.09,430
5706,electronics-5706,electronics,28.69,285
5707,clothing-5707,clothing,13.15,162
5708,books-5708,books,37.84,160
5709,home-5709,home,27.92,410
5710,toys-5710,toys,76.14,57
5711,food-5711,food,49.17,11
5712,electronics-5712,electronics,60.61,341
5713,clothing-5713,clothing,48.24,159
5714,books-5714,books,3.50,221
5715,home-5715,home,31.76,294
5716,toys-5716,toys,34.74,226
5717,food-5717,food,65.48,361
5718,electronics-5718,electronics,97.89,451
5719,clothing-5719,clothing,33.09,358
5720,books-5720,books,84.30,321
5721,home-5721,home,69.27,10
5722,toys-5722,toys,25.09,491
5723,food-5723,food,36.67,220
5724,electronics-5724,electronics,78.44,353
5725,clothing-5725,clothing,39.62,382
5726,books-5726,books,56.57,315
5727,home-5727,home,82.07,56
5728,toys-5728,toys,90.55,350
5729,food-5729,food,45.32,118
5730,electronics-5730,electronics,73.40,111
5731,clothing-5731,clothing,91.16,217
5732,books-5732,books,26.22,120
5733,home-5733,home,14.60,414
5734,toys-5734,toys,23.66,402
5735,food-5735,food,79.87,480
5736,electronics-5736,electronics,46.22,491
5737,clothing-5737,clothing,96.57,80
5738,books-5738,books,3.28,294
5739,home-5739,home,95.38,337
5740,toys-5740,toys,98.95,220
5741,food-5741,food,78.23,71
5742,electronics-5742,electronics,42.76,21
5743,clothing-5743,clothing,3.30,28
5744,books-5744,books,44.59,43
5745,home-5745,home,44.37,379
5746,toys-5746,toys,69.06,363
5747,food-5747,food,8.99,21
5748,electronics-5748,electronics,46.47,407
5749,clothing-5749,clothing,59.25,53
5750,books-5750,books,56.93,130
5751,home-5751,home,19.08,318
5752,toys-5752,toys,23.40,160
5753,food-5753,food,79.05,65
5754,electronics-5754,electronics,78.01,424
5755,clothing-5755,clothing,63.11,135
5756,books-5756,books,23.86,162
5757,home-5757,home,28.56,369
5758,toys-5758,toys,30.81,274
5759,food-5759,food,12.02,297
5760,electronics-5760,electronics,77.95,30
5761,clothing-5761,clothing,37.43,415
5762,books-5762,books,76.38,23
5763,home-5763,home,31.20,128
5764,toys-5764,toys,29.07,399
5765,food-5765,food,32.33,482
5766,electronics-5766,electronics,92.68,184
5767,clothing-5767,clothing,29.42,367
5768,books-5768,books,13.91,220
5769,home-5769,home,63.09,396
5770,toys-5770,toys,19.08,103
5771,food-5771,food,15.29,234
5772,electronics-5772,electronics,16.59,209
5773,clothing-5773,clothing,58.69,415
5774,books-5774,books,0.62,106
5775,home-5775,home,83.81,294
5776,toys-5776,toys,8.01,481
5777,food-5777,food,58.45,214
5778,electronics-5778,electronics,23.66,295
5779,clothing-5779,clothing,94.28,439
5780,books-5780,books,76.98,280
5781,home-5781,home,15.64,153
5782,toys-5782,toys,0.32,119
5783,food-5783,food,65.52,234
5784,electronics-5784,electronics,90.05,376
5785,clothing-5785,clothing,18.89,407
5786,books-5786,books,30.86,250
5787,home-5787,home,50.68,269
5788,toys-5788,toys,23.27,467
5789,food-5789,food,93.09,353
5790,electronics-5790,electronics,12.43,323
5791,clothing-5791,clothing,49.19,68
5792,books-5792,books,62.00,497
5793,home-5793,home,56.02,73
5794,toys-5794,toys,57.81,362
5795,food-5795,food,46.32,361
5796,electronics-5796,electronics,1.27,431
5797,clothing-5797,clothing,74.22,87
5798,books-5798,books,51.20,164
5799,home-5799,home,8.14,88
5800,toys-5800,toys,31.86,404
5801,food-5801,food,9.62,87
5802,electronics-5802,electronics,40.63,46
5803,clothing-5803,clothing,51.67,459
5804,books-5804,books,43.68,328
5805,home-5805,home,60.86,495
5806,toys-5806,toys,62.41,223
5807,food-5807,food,8.24,116
5808,electronics-5808,electronics,60.89,163
5809,clothing-5809,clothing,36.19,469
5810,books-5810,books,52.07,390
5811,home-5811,home,8.80,206
5812,toys-5812,toys,10.62,118
5813,food-5813,food,84.46,12
5814,electronics-5814,electronics,6.63,259
5815,clothing-5815,clothing,86.10,165
5816,books-5816,books,6.86,355
5817,home-5817,home,42.06,99
5818,toys-5818,toys,86.26,112
5819,food-5819,food,69.03,348
5820,electronics-5820,electronics,81.28,74
5821,clothing-5821,clothing,73.49,447
5822,books-5822,books,17.56,208
5823,home-5823,home,25.93,490
5824,toys-5824,toys,85.17,353
5825,food-5825,food,6.77,474
5826,electronics-5826,electronics,43.39,420
5827,clothing-5827,clothing,13.23,310
5828,books-5828,books,64.25,228
5829,home-5829,home,74.14,312
5830,toys-5830,toys,55.50,149
5831,food-5831,food,9.70,187
5832,electronics-5832,electronics,11.96,33
5833,clothing-5833,clothing,31.23,34
5834,books-5834,books,66.91,359
5835,home-5835,home,16.72,427
5836,toys-5836,toys,91.16,394
5837,food-5837,food,97.79,363
5838,electronics-5838,electronics,80.20,164
5839,clothing-5839,clothing,36.79,175
5840,books-5840,books,13.55,76
5841,home-5841,home,62.05,260
5842,toys-5842,toys,6.91,373
5843,food-5843,food,67.67,24
5844,electronics-5844,electronics,6.12,359
5845,clothing-5845,clothing,10.89,6
5846,books-5846,books,84.68,0
5847,home-5847,home,76.55,92
5848,toys-5848,toys,40.17,45
5849,food-5849,food,57.83,84
5850,electronics-5850,electronics,95.25,395
5851,clothing-5851,clothing,19.40,182
5852,books-5852,books,13.45,13
5853,home-5853,home,88.97,450
5854,toys-5854,toys,95.68,320
5855,food-5855,food,99.04,131
5856,electronics-5856,electronics,38.78,17
5857,clothing-5857,clothing,87.22,401
5858,books-5858,books,58.39,72
5859,home-5859,home,11.45,378
5860,toys-5860,toys,36.80,430
5861,food-5861,food,36.26,494
5862,electronics-5862,electronics,68.10,161
5863,clothing-5863,clothing,68.53,335
5864,books-5864,books,51.76,480
5865,home-5865,home,17.03,455
5866,toys-5866,toys,25.66,7
5867,food-5867,food,81.21,267
5868,electronics-5868,electronics,57.81,291
5869,clothing-5869,clothing,26.14,288
5870,books-5870,books,70.42,254
5871,home-5871,home,0.24,349
5872,toys-5872,toys,4.48,290
5873,food-5873,food,39.84,331
5874,electronics-5874,electronics,70.42,307
5875,clothing-5875,clothing,62.53,162
5876,books-5876,books,83.95,439
5877,home-5877,home,22.40,48
5878,toys-5878,toys,21.24,236
5879,food-5879,food,42.75,447
5880,electronics-5880,electronics,9.79,289
5881,clothing-5881,clothing,51.79,478
5882,books-5882,books,52.91,494
5883,home-5883,home,37.82,20
5884,toys-5884,toys,68.52,50
5885,food-5885,food,85.62,354
5886,electronics-5886,electronics,31.89,421
5887,clothing-5887,clothing,52.17,62
5888,books-5888,books,33.76,306
5889,home-5889,home,6.23,322
5890,toys-5890,toys,27.59,406
5891,food-5891,food,76.60,132
5892,electronics-5892,electronics,29.14,213
5893,clothing-5893,clothing,0.02,67
5894,books-5894,books,30.16,247
5895,home-5895,home,46.65,324
5896,toys-5896,toys,52.26,48
5897,food-5897,food,27.94,237
5898,electronics-5898,electronics,51.25,98
5899,clothing-5899,clothing,9.77,484
5900,books-5900,books,1.05,94
5901,home-5901,home,6.72,270
5902,toys-5902,toys,69.47,306
5903,food-5903,food,51.07,177
5904,electronics-5904,electronics,73.29,81
5905,clothing-5905,clothing,87.49,120
5906,books-5906,books,93.64,330
5907,home-5907,home,99.84,85
5908,toys-5908,toys,43.59,241
5909,food-5909,food,48.75,119
5910,electronics-5910,electronics,49.50,284
5911,clothing-5911,clothing,9.90,132
5912,books-5912,books,29.71,9
5913,home-5913,home,52.41,413
5914,toys-5914,toys,7.04,28
5915,food-5915,food,19.35,343
5916,electronics-5916,electronics,63.28,145
5917,clothing-5917,clothing,97.22,167
5918,books-5918,books,40.09,101
5919,home-5919,home,59.20,37
5920,toys-5920,toys,79.51,168
5921,food-5921,food,56.73,118
5922,electronics-5922,electronics,67.20,440
5923,clothing-5923,clothing,43.56,172
5924,books-5924,books,82.25,222
5925,home-5925,home,82.44,223
5926,toys-5926,toys,41.69,96
5927,food-5927,food,8.05,280
5928,electronics-5928,electronics,39.27,115
5929,clothing-5929,clothing,34.52,117
5930,books-5930,books,4.50,348
5931,home-5931,home,84.18,99
5932,toys-5932,toys,54.40,159
5933,food-5933,food,12.94,182
5934,electronics-5934,electronics,68.74,374
5935,clothing-5935,clothing,17.89,48
5936,books-5936,books,26.05,490
5937,home-5937,home,14.95,448
5938,toys-5938,toys,73.86,241
5939,food-5939,food,54.69,246
5940,electronics-5940,electronics,42.60,117
5941,clothing-5941,clothing,81.91,257
5942,books-5942,books,28.95,370
5943,home-5943,home,55.60,4
5944,toys-5944,toys,71.51,382
5945,food-5945,food,89.37,336
5946,electronics-5946,electronics,36.55,293
5947,clothing-5947,clothing,78.14,490
5948,books-5948,books,77.85,159
5949,home-5949,home,0.50,329
5950,toys-5950,toys,64.39,212
5951,food-5951,food,12.26,432
5952,electronics-5952,electronics,68.40,222
5953,clothing-5953,clothing,23.26,184
5954,books-5954,books,80.79,17
5955,home-5955,home,47.54,43
5956,toys-5956,toys,5.07,144
5957,food-5957,food,37.86,488
5958,electronics-5958,electronics,29.64,256
5959,clothing-5959,clothing,38.39,257
5960,books-5960,books,15.70,486
5961,home-5961,home,33.33,320
5962,toys-5962,toys,35.38,309
5963,food-5963,food,60.68,72
5964,electronics-5964,electronics,86.45,150
5965,clothing-5965,clothing,1.11,131
5966,books-5966,books,28.03,191
5967,home-5967,home,80.39,71
5968,toys-5968,toys,33.85,212
5969,food-5969,food,71.73,276
5970,electronics-5970,electronics,93.65,106
5971,clothing-5971,clothing,59.73,405
5972,books-5972,books,20.07,377
5973,home-5973,home,75.68,5
5974,toys-5974,toys,31.54,429
5975,food-5975,food,95.25,241
5976,electronics-5976,electronics,73.74,326
5977,clothing-5977,clothing,96.40,184
5978,books-5978,books,62.88,82
5979,home-5979,home,28.29,241
5980,toys-5980,toys,66.66,313
5981,food-5981,food,36.52,263
5982,electronics-5982,electronics,59.99,30
5983,clothing-5983,clothing,58.47,428
5984,books-5984,books,30.06,177
5985,home-5985,home,14.31,274
5986,toys-5986,toys,48.60,339
5987,food-5987,food,50.06,169
5988,electronics-5988,electronics,49.31,199
5989,clothing-5989,clothing,83.89,216
5990,books-5990,books,35.55,294
5991,home-5991,home,13.35,352
5992,toys-5992,toys,60.44,115
5993,food-5993,food,16.24,479
5994,electronics-5994,electronics,9.72,239
5995,clothing-5995,clothing,45.75,435
5996,books-5996,books,32.21,301
5997,home-5997,home,21.73,258
5998,toys-5998,toys,6.67,140
5999,food-5999,food,48.29,216
6000,electronics-6000,electronics,11.47,169
6001,clothing-6001,clothing,89.86,93
6002,books-6002,books,54.58,372
6003,home-6003,home,48.40,29
6004,toys-6004,toys,90.45,349
6005,food-6005,food,22.24,208
6006,electronics-6006,electronics,47.03,403
6007,clothing-6007,clothing,65.81,464
6008,books-6008,books,24.62,265
6009,home-6009,home,39.54,416
6010,toys-6010,toys,36.43,379
6011,food-6011,food,59.55,2
6012,electronics-6012,electronics,70.09,61
6013,clothing-6013,clothing,51.99,499
6014,books-6014,books,33.65,43
6015,home-6015,home,64.88,224
6016,toys-6016,toys,40.79,296
6017,food-6017,food,5.79,371
6018,electronics-6018,electronics,6.46,242
6019,clothing-6019,clothing,91.03,145
6020,books-6020,books,69.12,486
6021,home-6021,home,1.70,280
6022,toys-6022,toys,53.66,219
6023,food-6023,food,44.74,246
6024,electronics-6024,electronics,37.70,265
6025,clothing-6025,clothing,37.16,178
6026,books-6026,books,50.52,374
6027,home-6027,home,86.31,483
6028,toys-6028,toys,13.54,392
6029,food-6029,food,85.22,235
6030,electronics-6030,electronics,81.89,399
6031,clothing-6031,clothing,94.20,238
6032,books-6032,books,25.09,168
6033,home-6033,home,14.45,138
6034,toys-6034,toys,92.35,447
6035,food-6035,food,74.82,261
6036,electronics-6036,electronics,61.00,51
6037,clothing-6037,clothing,21.92,232
6038,books-6038,books,26.26,386
6039,home-6039,home,46.93,157
6040,toys-6040,toys,38.69,437
6041,food-6041,food,78.60,241
6042,electronics-6042,electronics,33.18,147
6043,clothing-6043,clothing,96.13,163
6044,books-6044,books,42.09,96
6045,home-6045,home,67.43,391
6046,toys-6046,toys,0.78,433
6047,food-6047,food,37.87,410
6048,electronics-6048,electronics,85.17,487
6049,clothing-6049,clothing,29.52,115
6050,books-6050,books,31.90,355
6051,home-6051,home,59.37,402
6052,toys-6052,toys,34.23,82
6053,food-6053,food,69.71,337
6054,electronics-6054,electronics,78.06,41
6055,clothing-6055,clothing,28.77,11
6056,books-6056,books,57.80,301
6057,home-6057,home,35.84,334
6058,toys-6058,toys,81.56,411
6059,food-6059,food,8.99,354
6060,electronics-6060,electronics,88.45,415
6061,clothing-6061,clothing,63.00,426
6062,books-6062,books,7.28,174
6063,home-6063,home,73.98,373
6064,toys-6064,toys,50.37,210
6065,food-6065,food,64.10,393
6066,electronics-6066,electronics,33.44,77
6067,clothing-6067,clothing,88.63,499
6068,books-6068,books,94.59,101
6069,home-6069,home,17.07,22
6070,toys-6070,toys,70.71,152
6071,food-6071,food,18.74,423
6072,electronics-6072,electronics,90.14,441
6073,clothing-6073,clothing,95.78,297
6074,books-6074,books,20.33,393
6075,home-6075,home,27.82,439
6076,toys-6076,toys,35.76,170
6077,food-6077,food,55.08,447
6078,electronics-6078,electronics,67.26,173
6079,clothing-6079,clothing,65.20,18
6080,books-6080,books,22.27,496
6081,home-6081,home,70.68,153
6082,toys-6082,toys,0.41,296
6083,food-6083,food,99.97,283
6084,electronics-6084,electronics,8.29,144
6085,clothing-6085,clothing,15.69,245
6086,books-6086,books,63.06,199
6087,home-6087,home,92.26,121
6088,toys-6088,toys,7.22,242
6089,food-6089,food,13.80,234
6090,electronics-6090,electronics,4.74,87
6091,clothing-6091,clothing,43.81,392
6092,books-6092,books,97.00,95
6093,home-6093,home,98.54,203
6094,toys-6094,toys,5.20,93
6095,food-6095,food,61.35,282
6096,electronics-6096,electronics,2.34,422
6097,clothing-6097,clothing,62.92,4
6098,books-6098,books,65.77,492
6099,home-6099,home,82.47,296
6100,toys-6100,toys,11.75,413
6101,food-6101,food,20.52,438
6102,electronics-6102,electronics,48.70,65
6103,clothing-6103,clothing,38.23,380
6104,books-6104,books,95.17,160
6105,home-6105,home,91.48,363
6106,toys-6106,toys,66.22,85
6107,food-6107,food,64.61,210
6108,electronics-6108,electronics,99.69,116
6109,clothing-6109,clothing,49.17,289
6110,books-6110,books,88.48,205
6111,home-6111,home,32.06,42
6112,toys-6112,toys,16.05,141
6113,food-6113,food,45.00,445
6114,electronics-6114,electronics,78.57,76
6115,clothing-6115,clothing,7.67,326
6116,books-6116,books,49.72,280
6117,home-6117,home,86.35,68
6118,toys-6118,toys,64.73,408
6119,food-6119,food,68.55,318
6120,electronics-6120,electronics,88.88,229
6121,clothing-6121,clothing,25.83,323
6122,books-6122,books,19.98,136
6123,home-6123,home,47.25,481
6124,toys-6124,toys,27.97,347
6125,food-6125,food,36.69,252
6126,electronics-6126,electronics,83.73,304
6127,clothing-6127,clothing,47.28,53
6128,books-6128,books,51.18,10
6129,home-6129,home,6.66,433
6130,toys-6130,toys,36.79,366
6131,food-6131,food,11.03,246
6132,electronics-6132,electronics,96.72,437
6133,clothing-6133,clothing,54.89,203
6134,books-6134,books,99.41,116
6135,home-6135,home,86.12,446
6136,toys-6136,toys,54.64,277
6137,food-6137,food,95.02,247
6138,electronics-6138,electronics,4.11,52
6139,clothing-6139,clothing,60.17,242
6140,books-6140,books,59.28,39
6141,home-6141,home,69.29,2
6142,toys-6142,toys,52.97,462
6143,food-6143,food,78.22,179
6144,electronics-6144,electronics,51.43,445
6145,clothing-6145,clothing,82.69,488
6146,books-6146,books,15.67,287
6147,home-6147,home,15.67,405
6148,toys-6148,toys,56.39,235
6149,food-6149,food,28.70,63
6150,electronics-6150,electronics,39.31,5
6151,clothing-6151,clothing,68.44,294
6152,books-6152,books,24.14,178
6153,home-6153,home,56.93,432
6154,toys-6154,toys,68.58,195
6155,food-6155,food,48.48,239
6156,electronics-6156,electronics,4.87,286
6157,clothing-6157,clothing,38.49,414
6158,books-6158,books,9.96,131
6159,home-6159,home,72.73,197
6160,toys-6160,toys,98.12,331
6161,food-6161,food,44.79,393
6162,electronics-6162,electronics,22.29,308
6163,clothing-6163,clothing,34.66,28
6164,books-6164,books,12.99,470
6165,home-6165,home,81.99,350
6166,toys-6166,toys,74.50,420
6167,food-6167,food,69.12,224
6168,electronics-6168,electronics,30.00,288
6169,clothing-6169,clothing,70.29,108
6170,books-6170,books,4.79,149
6171,home-6171,home,94.30,187
6172,toys-6172,toys,53.96,241
6173,food-6173,food,21.49,190
6174,electronics-6174,electronics,28.66,329
6175,clothing-6175,clothing,66.68,43
6176,books-6176,books,21.77,270
6177,home-6177,home,61.44,181
6178,toys-6178,toys,51.83,166
6179,food-6179,food,69.57,229
6180,electronics-6180,electronics,9.41,499
6181,clothing-6181,clothing,31.55,9
6182,books-6182,books,88.26,306
6183,home-6183,home,68.61,447
6184,toys-6184,toys,83.86,109
6185,food-6185,food,10.66,275
6186,electronics-6186,electronics,20.69,50
6187,clothing-6187,clothing,62.81,102
6188,books-6188,books,80.42,247
6189,home-6189,home,93.73,251
6190,toys-6190,toys,64.34,439
6191,food-6191,food,44.52,143
6192,electronics-6192,electronics,75.86,454
6193,clothing-6193,clothing,47.14,293
6194,books-6194,books,2.63,191
6195,home-6195,home,78.35,153
6196,toys-6196,toys,14.95,278
6197,food-6197,food,55.63,0
6198,electronics-6198,electronics,80.75,260
6199,clothing-6199,clothing,36.14,245
6200,books-6200,books,18.37,374
6201,home-6201,home,85.19,499
6202,toys-6202,toys,65.24,130
6203,food-6203,food,68.74,145
6204,electronics-6204,electronics,0.06,82
6205,clothing-6205,clothing,6.79,44
6206,books-6206,books,99.14,429
6207,home-6207,home,13.02,301
6208,toys-6208,toys,89.75,296
6209,food-6209,food,11.17,433
6210,electronics-6210,electronics,74.60,305
6211,clothing-6211,clothing,38.95,115
6212,books-6212,books,94.33,465
6213,home-6213,home,57.52,40
6214,toys-6214,toys,88.94,382
6215,food-6215,food,32.17,212
6216,electronics-6216,electronics,23.38,218
6217,clothing-6217,clothing,80.65,19
6218,books-6218,books,15.47,320
6219,home-6219,home,99.46,391
6220,toys-6220,toys,58.78,230
6221,food-6221,food,5.27,11
6222,electronics-6222,electronics,6.37,249
6223,clothing-6223,clothing,33.57,139
6224,books-6224,books,62.81,304
6225,home-6225,home,13.77,92
6226,toys-6226,toys,91.51,59
6227,food-6227,food,45.03,322
6228,electronics-6228,electronics,95.50,48
6229,clothing-6229,clothing,65.70,85
6230,books-6230,books,39.04,206
6231,home-6231,home,85.97,49
6232,toys-6232,toys,79.27,394
6233,food-6233,food,6.46,266
6234,electronics-6234,electronics,55.50,446
6235,clothing-6235,clothing,34.32,306
6236,books-6236,books,81.07,48
6237,home-6237,home,86.69,420
6238,toys-6238,toys,25.26,158
6239,food-6239,food,2.36,74
6240,electronics-6240,electronics,27.15,266
6241,clothing-6241,clothing,64.40,336
6242,books-6242,books,90.65,308
6243,home-6243,home,74.25,32
6244,toys-6244,toys,32.98,191
6245,food-6245,food,79.97,305
6246,electronics-6246,electronics,97.33,47
6247,clothing-6247,clothing,41.05,90
6248,books-6248,books,92.99,178
6249,home-6249,home,8.41,227
6250,toys-6250,toys,30.27,103
6251,food-6251,food,10.73,489
6252,electronics-6252,electronics,54.34,64
6253,clothing-6253,clothing,39.82,26
6254,books-6254,books,69.19,164
6255,home-6255,home,10.13,436
6256,toys-6256,toys,57.51,112
6257,food-6257,food,21.04,88
6258,electronics-6258,electronics,24.82,160
6259,clothing-6259,clothing,44.29,486
6260,books-6260,books,93.26,356
6261,home-6261,home,20.75,60
6262,toys-6262,toys,25.29,73
6263,food-6263,food,26.15,22
6264,electronics-6264,electronics,75.98,59
6265,clothing-6265,clothing,23.26,387
6266,books-6266,books,67.67,239
6267,home-6267,home,66.72,22
6268,toys-6268,toys,90.96,335
6269,food-6269,food,20.40,368
6270,electronics-6270,electronics,98.51,127
6271,clothing-6271,clothing,86.99,349
6272,books-6272,books,91.90,66
6273,home-6273,home,60.71,180
6274,toys-6274,toys,54.49,441
6275,food-6275,food,48.70,297
6276,electronics-6276,electronics,29.94,362
6277,clothing-6277,clothing,60.49,33
6278,books-6278,books,51.38,52
6279,home-6279,home,78.95,346
6280,toys-6280,toys,92.09,461
6281,food-6281,food,64.82,136
6282,electronics-6282,electronics,63.41,302
6283,clothing-6283,clothing,9.59,385
6284,books-6284,books,80.07,136
6285,home-6285,home,63.01,297
6286,toys-6286,toys,70.57,298
6287,food-6287,food,40.23,127
6288,electronics-6288,electronics,2.29,441
6289,clothing-6289,clothing,32.49,214
6290,books-6290,books,92.96,476
6291,home-6291,home,74.60,435
6292,toys-6292,toys,38.27,467
6293,food-6293,food,41.31,36
6294,electronics-6294,electronics,45.50,102
6295,clothing-6295,clothing,40.33,486
6296,books-6296,books,63.26,124
6297,home-6297,home,80.22,122
6298,toys-6298,toys,90.51,182
6299,food-6299,food,49.99,348
6300,electronics-6300,electronics,4.27,168
6301,clothing-6301,clothing,97.16,24
6302,books-6302,books,12.81,441
6303,home-6303,home,22.22,137
6304,toys-6304,toys,48.46,138
6305,food-6305,food,91.67,417
6306,electronics-6306,electronics,84.81,157
6307,clothing-6307,clothing,24.54,156
6308,books-6308,books,13.56,117
6309,home-6309,home,2.45,234
6310,toys-6310,toys,11.99,482
6311,food-6311,food,54.74,165
6312,electronics-6312,electronics,19.72,20
6313,clothing-6313,clothing,1.18,117
6314,books-6314,books,7.17,86
6315,home-6315,home,68.58,59
6316,toys-6316,toys,18.83,185
6317,food-6317,food,95.94,107
6318,electronics-6318,electronics,14.47,53
6319,clothing-6319,clothing,81.89,390
6320,books-6320,books,60.22,286
6321,home-6321,home,99.96,44
6322,toys-6322,toys,43.48,222
6323,food-6323,food,3.05,347
6324,electronics-6324,electronics,56.36,31
6325,clothing-6325,clothing,69.97,85
6326,books-6326,books,38.52,459
6327,home-6327,home,79.73,482
6328,toys-6328,toys,6.96,198
6329,food-6329,food,95.54,31
6330,electronics-6330,electronics,0.17,158
6331,clothing-6331,clothing,90.16,389
6332,books-6332,books,57.20,0
6333,home-6333,home,25.73,170
6334,toys-6334,toys,43.46,181
6335,food-6335,food,85.53,444
6336,electronics-6336,electronics,56.52,332
6337,clothing-6337,clothing,10.63,147
6338,books-6338,books,8.82,52
6339,home-6339,home,45.13,64
6340,toys-6340,toys,77.17,412
6341,food-6341,food,30.02,263
6342,electronics-6342,electronics,46.88,177
6343,clothing-6343,clothing,63.59,305
6344,books-6344,books,54.34,322
6345,home-6345,home,56.59,400
6346,toys-6346,toys,31.20,343
6347,food-6347,food,71.59,278
6348,electronics-6348,electronics,12.54,418
6349,clothing-6349,clothing,11.22,359
6350,books-6350,books,6.64,284
6351,home-6351,home,79.86,123
6352,toys-6352,toys,86.77,214
6353,food-6353,food,71.95,193
6354,electronics-6354,electronics,38.54,444
6355,clothing-6355,clothing,18.42,258
6356,books-6356,books,82.68,27
6357,home-6357,home,73.53,360
6358,toys-6358,toys,85.32,390
6359,food-6359,food,96.18,415
6360,electronics-6360,electronics,43.96,241
6361,clothing-6361,clothing,82.39,408
6362,books-6362,books,43.86,326
6363,home-6363,home,84.13,120
6364,toys-6364,toys,21.94,255
6365,food-6365,food,75.53,332
6366,electronics-6366,electronics,59.38,380
6367,clothing-6367,clothing,4.17,340
6368,books-6368,books,87.13,108
6369,home-6369,home,7.46,22
6370,toys-6370,toys,84.64,339
6371,food-6371,food,44.32,368
6372,electronics-6372,electronics,89.91,319
6373,clothing-6373,clothing,11.12,154
6374,books-6374,books,10.76,401
6375,home-6375,home,28.08,440
6376,toys-6376,toys,8.82,57
6377,food-6377,food,77.34,233
6378,electronics-6378,electronics,41.98,117
6379,clothing-6379,clothing,70.49,492
6380,books-6380,books,87.07,62
6381,home-6381,home,17.55,156
6382,toys-6382,toys,50.66,461
6383,food-6383,food,67.81,148
6384,electronics-6384,electronics,29.36,192
6385,clothing-6385,clothing,77.40,30
6386,books-6386,books,30.35,467
6387,home-6387,home,80.28,288
6388,toys-6388,toys,42.17,79
6389,food-6389,food,72.20,460
6390,electronics-6390,electronics,40.12,205
6391,clothing-6391,clothing,85.42,322
6392,books-6392,books,99.57,168
6393,home-6393,home,77.72,16
6394,toys-6394,toys,19.12,398
6395,food-6395,food,65.71,12
6396,electronics-6396,electronics,22.87,19
6397,clothing-6397,clothing,87.48,230
6398,books-6398,books,84.32,307
6399,home-6399,home,54.32,352
6400,toys-6400,toys,42.28,108
6401,food-6401,food,99.61,171
6402,electronics-6402,electronics,99.83,494
6403,clothing-6403,clothing,12.60,199
6404,books-6404,books,60.27,144
6405,home-6405,home,3.14,490
6406,toys-6406,toys,96.29,85
6407,food-6407,food,53.74,318
6408,electronics-6408,electronics,5.08,385
6409,clothing-6409,clothing,77.25,388
6410,books-6410,books,68.13,126
6411,home-6411,home,0.31,35
6412,toys-6412,toys,38.29,360
6413,food-6413,food,46.66,139
6414,electronics-6414,electronics,17.48,392
6415,clothing-6415,clothing,22.96,301
6416,books-6416,books,85.45,181
6417,home-6417,home,78.62,77
6418,toys-6418,toys,13.42,368
6419,food-6419,food,93.75,266
6420,electronics-6420,electronics,23.71,74
6421,clothing-6421,clothing,51.52,20
6422,books-6422,books,81.54,401
6423,home-6423,home,40.23,71
6424,toys-6424,toys,48.31,164
6425,food-6425,food,27.96,113
6426,electronics-6426,electronics,49.02,113
6427,clothing-6427,clothing,34.87,497
6428,books-6428,books,16.24,10
6429,home-6429,home,0.01,451
6430,toys-6430,toys,24.44,262
6431,food-6431,food,56.45,72
6432,electronics-6432,electronics,15.25,342
6433,clothing-6433,clothing,23.03,181
6434,books-6434,books,21.34,179
6435,home-6435,home,30.20,97
6436,toys-6436,toys,3.70,421
6437,food-6437,food,33.77,467
6438,electronics-6438,electronics,0.35,115
6439,clothing-6439,clothing,22.40,396
6440,books-6440,books,23.25,178
6441,home-6441,home,64.18,426
6442,toys-6442,toys,58.29,425
6443,food-6443,food,45.27,427
6444,electronics-6444,electronics,10.21,78
6445,clothing-6445,clothing,3.34,23
6446,books-6446,books,36.68,388
6447,home-6447,home,65.73,256
6448,toys-6448,toys,22.08,218
6449,food-6449,food,29.22,141
6450,electronics-6450,electronics,99.73,250
6451,clothing-6451,clothing,54.31,448
6452,books-6452,books,55.46,420
6453,home-6453,home,14.18,215
6454,toys-6454,toys,99.85,89
6455,food-6455,food,93.25,308
6456,electronics-6456,electronics,8.35,433
6457,clothing-6457,clothing,5.59,319
6458,books-6458,books,50.60,33
6459,home-6459,home,63.77,488
6460,toys-6460,toys,56.57,240
6461,food-6461,food,52.61,440
6462,electronics-6462,electronics,66.78,463
6463,clothing-6463,clothing,84.91,474
6464,books-6464,books,68.74,215
6465,home-6465,home,48.35,486
6466,toys-6466,toys,95.59,349
6467,food-6467,food,54.25,297
6468,electronics-6468,electronics,15.52,126
6469,clothing-6469,clothing,1.51,41
6470,books-6470,books,91.99,33
6471,home-6471,home,54.49,170
6472,toys-6472,toys,45.20,158
6473,food-6473,food,32.13,224
6474,electronics-6474,electronics,92.37,415
6475,clothing-6475,clothing,56.63,271
6476,books-6476,books,67.26,480
6477,home-6477,home,37.17,61
6478,toys-6478,toys,77.86,109
6479,food-6479,food,92.65,462
6480,electronics-6480,electronics,87.64,313
6481,clothing-6481,clothing,55.71,323
6482,books-6482,books,8.85,103
6483,home-6483,home,93.64,475
6484,toys-6484,toys,36.13,169
6485,food-6485,food,63.92,433
6486,electronics-6486,electronics,29.42,3
6487,clothing-6487,clothing,76.32,371
6488,books-6488,books,28.51,20
6489,home-6489,home,70.71,105
6490,toys-6490,toys,18.42,176
6491,food-6491,food,84.30,431
6492,electronics-6492,electronics,50.92,342
6493,clothing-6493,clothing,76.67,399
6494,books-6494,books,87.18,461
6495,home-6495,home,59.85,426
6496,toys-6496,toys,48.16,158
6497,food-6497,food,60.33,397
6498,electronics-6498,electronics,59.56,126
6499,clothing-6499,clothing,20.56,48
6500,books-6500,books,3.48,155
6501,home-6501,home,31.51,428
6502,toys-6502,toys,24.37,267
6503,food-6503,food,95.46,483
6504,electronics-6504,electronics,53.64,132
6505,clothing-6505,clothing,52.24,275
6506,books-6506,books,41.81,407
6507,home-6507,home,57.62,171
6508,toys-6508,toys,73.80,141
6509,food-6509,food,38.40,7
6510,electronics-6510,electronics,98.87,316
6511,clothing-6511,clothing,1.26,186
6512,books-6512,books,57.00,125
6513,home-6513,home,82.84,49
6514,toys-6514,toys,78.56,214
6515,food-6515,food,22.30,292
6516,electronics-6516,electronics,38.32,470
6517,clothing-6517,clothing,42.48,1
6518,books-6518,books,58.06,115
6519,home-6519,home,92.28,333
6520,toys-6520,toys,57.74,290
6521,food-6521,food,26.40,364
6522,electronics-6522,electronics,41.01,161
6523,clothing-6523,clothing,71.31,448
6524,books-6524,books,7.92,271
6525,home-6525,home,39.72,121
6526,toys-6526,toys,64.89,66
6527,food-6527,food,55.97,244
6528,electronics-6528,electronics,71.47,328
6529,clothing-6529,clothing,6.01,84
6530,books-6530,books,58.72,155
6531,home-6531,home,95.57,119
6532,toys-6532,toys,22.00,240
6533,food-6533,food,85.66,226
6534,electronics-6534,electronics,74.73,220
6535,clothing-6535,clothing,74.28,74
6536,books-6536,books,70.63,218
6537,home-6537,home,30.38,262
6538,toys-6538,toys,1.95,200
6539,food-6539,food,95.37,470
6540,electronics-6540,electronics,40.93,458
6541,clothing-6541,clothing,54.74,213
6542,books-6542,books,59.35,228
6543,home-6543,home,76.32,106
6544,toys-6544,toys,68.44,212
6545,food-6545,food,41.03,351
6546,electronics-6546,electronics,74.60,53
6547,clothing-6547,clothing,74.31,41
6548,books-6548,books,95.90,377
6549,home-6549,home,15.48,253
6550,toys-6550,toys,64.73,95
6551,food-6551,food,15.14,204
6552,electronics-6552,electronics,18.06,5
6553,clothing-6553,clothing,61.89,467
6554,books-6554,books,86.86,26
6555,home-6555,home,26.25,57
6556,toys-6556,toys,78.08,122
6557,food-6557,food,4.28,69
6558,electronics-6558,electronics,35.18,183
6559,clothing-6559,clothing,5.78,50
6560,books-6560,books,74.48,163
6561,home-6561,home,51.42,79
6562,toys-6562,toys,23.55,337
6563,food-6563,food,91.20,307
6564,electronics-6564,electronics,32.87,470
6565,clothing-6565,clothing,98.53,387
6566,books-6566,books,66.66,113
6567,home-6567,home,22.83,166
6568,toys-6568,toys,71.63,200
6569,food-6569,food,36.30,171
6570,electronics-6570,electronics,71.80,344
6571,clothing-6571,clothing,15.53,296
6572,books-6572,books,63.92,122
6573,home-6573,home,18.65,492
6574,toys-6574,toys,87.39,459
6575,food-6575,food,4.19,348
6576,electronics-6576,electronics,47.06,441
6577,clothing-6577,clothing,27.73,497
6578,books-6578,books,61.25,84
6579,home-6579,home,74.08,335
6580,toys-6580,toys,92.69,382
6581,food-6581,food,40.43,8
6582,electronics-6582,electronics,96.03,229
6583,clothing-6583,clothing,61.41,403
6584,books-6584,books,90.08,3
6585,home-6585,home,71.59,190
6586,toys-6586,toys,8.10,112
6587,food-6587,food,82.38,154
6588,electronics-6588,electronics,5.14,127
6589,clothing-6589,clothing,16.26,254
6590,books-6590,books,14.12,474
6591,home-6591,home,93.45,83
6592,toys-6592,toys,11.64,420
6593,food-6593,food,75.86,153
6594,electronics-6594,electronics,26.80,175
6595,clothing-6595,clothing,91.12,107
6596,books-6596,books,64.54,52
6597,home-6597,home,32.74,260
6598,toys-6598,toys,34.83,130
6599,food-6599,food,20.01,247
6600,electronics-6600,electronics,7.52,400
6601,clothing-6601,clothing,27.11,98
6602,books-6602,books,71.09,200
6603,home-6603,home,5.07,432
6604,toys-6604,toys,45.92,288
6605,food-6605,food,23.44,96
6606,electronics-6606,electronics,66.52,15
6607,clothing-6607,clothing,22.82,121
6608,books-6608,books,99.32,170
6609,home-6609,home,84.68,328
6610,toys-6610,toys,88.15,79
6611,food-6611,food,84.74,30
6612,electronics-6612,electronics,0.88,394
6613,clothing-6613,clothing,47.91,233
6614,books-6614,books,26.62,17
6615,home-6615,home,74.15,130
6616,toys-6616,toys,57.98,278
6617,food-6617,food,4.79,266
6618,electronics-6618,electronics,64.85,257
6619,clothing-6619,clothing,71.20,169
6620,books-6620,books,87.39,239
6621,home-6621,home,62.81,150
6622,toys-6622,toys,18.00,88
6623,food-6623,food,50.14,366
6624,electronics-6624,electronics,23.42,282
6625,clothing-6625,clothing,4.33,341
6626,books-6626,books,40.10,90
6627,home-6627,home,63.33,478
6628,toys-6628,toys,85.36,137
6629,food-6629,food,9.56,436
6630,electronics-6630,electronics,15.18,444
6631,clothing-6631,clothing,25.33,177
6632,books-6632,books,79.36,402
6633,home-6633,home,97.04,305
6634,toys-6634,toys,36.24,377
6635,food-6635,food,54.53,221
6636,electronics-6636,electronics,30.09,22
6637,clothing-6637,clothing,97.35,342
6638,books-6638,books,67.12,109
6639,home-6639,home,63.52,191
6640,toys-6640,toys,85.93,263
6641,food-6641,food,25.34,26
6642,electronics-6642,electronics,79.71,9
6643,clothing-6643,clothing,88.48,43
6644,books-6644,books,40.71,412
6645,home-6645,home,95.35,85
6646,toys-6646,toys,27.75,467
6647,food-6647,food,1.70,393
6648,electronics-6648,electronics,66.54,267
6649,clothing-6649,clothing,98.16,75
6650,books-6650,books,39.96,368
6651,home-6651,home,68.90,158
6652,toys-6652,toys,86.17,249
6653,food-6653,food,14.96,356
6654,electronics-6654,electronics,59.85,475
6655,clothing-6655,clothing,54.17,148
6656,books-6656,books,54.78,449
6657,home-6657,home,27.50,499
6658,toys-6658,toys,22.10,198
6659,food-6659,food,33.59,60
6660,electronics-6660,electronics,12.36,287
6661,clothing-6661,clothing,26.88,67
6662,books-6662,books,80.15,67
6663,home-6663,home,42.99,363
6664,toys-6664,toys,39.25,178
6665,food-6665,food,57.90,177
6666,electronics-6666,electronics,87.20,229
6667,clothing-6667,clothing,86.17,469
6668,books-6668,books,93.82,420
6669,home-6669,home,47.05,426
6670,toys-6670,toys,33.85,288
6671,food-6671,food,12.53,16
6672,electronics-6672,electronics,43.61,430
6673,clothing-6673,clothing,24.67,96
6674,books-6674,books,4.31,409
6675,home-6675,home,25.70,246
6676,toys-6676,toys,33.95,496
6677,food-6677,food,19.01,356
6678,electronics-6678,electronics,39.06,212
6679,clothing-6679,clothing,5.90,80
6680,books-6680,books,90.51,114
6681,home-6681,home,46.41,13
6682,toys-6682,toys,87.73,339
6683,food-6683,food,2.91,153
6684,electronics-6684,electronics,18.01,152
6685,clothing-6685,clothing,98.92,283
6686,books-6686,books,64.80,11
6687,home-6687,home,45.70,338
6688,toys-6688,toys,40.01,108
6689,food-6689,food,77.78,399
6690,electronics-6690,electronics,36.98,48
6691,clothing-6691,clothing,41.06,283
6692,books-6692,books,16.51,56
6693,home-6693,home,72.80,63
6694,toys-6694,toys,58.60,150
6695,food-6695,food,70.13,177
6696,electronics-6696,electronics,72.07,203
6697,clothing-6697,clothing,55.20,333
6698,books-6698,books,33.19,445
6699,home-6699,home,91.42,58
6700,toys-6700,toys,84.62,338
6701,food-6701,food,72.60,72
6702,electronics-6702,electronics,28.19,312
6703,clothing-6703,clothing,53.84,98
6704,books-6704,books,28.69,429
6705,home-6705,home,11.68,312
6706,toys-6706,toys,61.87,198
6707,food-6707,food,70.45,134
6708,electronics-6708,electronics,21.72,422
6709,clothing-6709,clothing,61.38,70
6710,books-6710,books,82.38,262
6711,home-6711,home,20.19,474
6712,toys-6712,toys,70.13,276
6713,food-6713,food,72.56,166
6714,electronics-6714,electronics,5.80,124
6715,clothing-6715,clothing,69.02,301
6716,books-6716,books,13.42,255
6717,home-6717,home,6.30,446
6718,toys-6718,toys,47.91,181
6719,food-6719,food,31.52,410
6720,electronics-6720,electronics,74.61,134
6721,clothing-6721,clothing,25.75,366
6722,books-6722,books,6.62,108
6723,home-6723,home,43.10,424
6724,toys-6724,toys,73.46,62
6725,food-6725,food,87.49,305
6726,electronics-6726,electronics,1.60,157
6727,clothing-6727,clothing,62.10,283
6728,books-6728,books,74.76,66
6729,home-6729,home,49.09,481
6730,toys-6730,toys,8.53,81
6731,food-6731,food,21.13,453
6732,electronics-6732,electronics,49.21,214
6733,clothing-6733,clothing,22.53,318
6734,books-6734,books,53.34,406
6735,home-6735,home,47.51,181
6736,toys-6736,toys,23.88,142
6737,food-6737,food,30.78,356
6738,electronics-6738,electronics,44.61,334
6739,clothing-6739,clothing,46.40,294
6740,books-6740,books,62.54,29
6741,home-6741,home,66.79,454
6742,toys-6742,toys,46.91,330
6743,food-6743,food,30.55,421
6744,electronics-6744,electronics,96.90,168
6745,clothing-6745,clothing,62.17,330
6746,books-6746,books,3.52,306
6747,home-6747,home,75.98,136
6748,toys-6748,toys,55.65,47
6749,food-6749,food,96.09,448
6750,electronics-6750,electronics,66.05,187
6751,clothing-6751,clothing,17.88,325
6752,books-6752,books,77.59,216
6753,home-6753,home,52.80,239
6754,toys-6754,toys,37.63,405
6755,food-6755,food,17.56,215
6756,electronics-6756,electronics,85.75,295
6757,clothing-6757,clothing,93.23,482
6758,books-6758,books,48.60,234
6759,home-6759,home,31.27,115
6760,toys-6760,toys,60.05,71
6761,food-6761,food,48.95,271
6762,electronics-6762,electronics,73.67,389
6763,clothing-6763,clothing,78.80,469
6764,books-6764,books,61.39,85
6765,home-6765,home,43.22,162
6766,toys-6766,toys,37.32,32
6767,food-6767,food,92.00,169
6768,electronics-6768,electronics,95.71,263
6769,clothing-6769,clothing,86.39,181
6770,books-6770,books,40.05,28
6771,home-6771,home,8.30,31
6772,toys-6772,toys,97.66,32
6773,food-6773,food,63.19,167
6774,electronics-6774,electronics,70.27,54
6775,clothing-6775,clothing,12.92,22
6776,books-6776,books,71.89,47
6777,home-6777,home,28.09,306
6778,toys-6778,toys,14.10,476
6779,food-6779,food,50.49,283
6780,electronics-6780,electronics,11.50,373
6781,clothing-6781,clothing,40.39,422
6782,books-6782,books,6.00,326
6783,home-6783,home,52.61,4
6784,toys-6784,toys,61.34,300
6785,food-6785,food,96.11,376
6786,electronics-6786,electronics,78.25,176
6787,clothing-6787,clothing,52.38,93
6788,books-6788,books,29.69,59
6789,home-6789,home,42.93,212
6790,toys-6790,toys,5.96,452
6791,food-6791,food,12.35,30
6792,electronics-6792,electronics,98.86,187
6793,clothing-6793,clothing,78.40,491
6794,books-6794,books,28.34,243
6795,home-6795,home,67.61,427
6796,toys-6796,toys,45.29,234
6797,food-6797,food,69.40,125
6798,electronics-6798,electronics,56.46,152
6799,clothing-6799,clothing,27.67,14
6800,books-6800,books,45.48,160
6801,home-6801,home,40.10,273
6802,toys-6802,toys,75.24,277
6803,food-6803,food,22.68,410
6804,electronics-6804,electronics,16.78,224
6805,clothing-6805,clothing,74.81,411
6806,books-6806,books,68.02,42
6807,home-6807,home,39.12,301
6808,toys-6808,toys,73.71,104
6809,food-6809,food,43.62,256
6810,electronics-6810,electronics,56.64,124
6811,clothing-6811,clothing,1.92,337
6812,books-6812,books,4.87,68
6813,home-6813,home,85.31,107
6814,toys-6814,toys,94.39,276
6815,food-6815,food,53.16,0
6816,electronics-6816,electronics,73.03,249
6817,clothing-6817,clothing,71.15,134
6818,books-6818,books,18.94,112
6819,home-6819,home,95.44,175
6820,toys-6820,toys,94.58,127
6821,food-6821,food,99.11,252
6822,electronics-6822,electronics,30.28,190
6823,clothing-6823,clothing,61.61,440
6824,books-6824,books,6.43,161
6825,home-6825,home,26.43,79
6826,toys-6826,toys,78.23,296
6827,food-6827,food,98.17,343
6828,electronics-6828,electronics,99.33,23
6829,clothing-6829,clothing,5.65,366
6830,books-6830,books,86.55,178
6831,home-6831,home,72.50,401
6832,toys-6832,toys,62.74,13
6833,food-6833,food,10.06,260
6834,electronics-6834,electronics,15.87,180
6835,clothing-6835,clothing,27.48,444
6836,books-6836,books,9.69,267
6837,home-6837,home,9.09,358
6838,toys-6838,toys,81.68,96
6839,food-6839,food,70.71,386
6840,electronics-6840,electronics,87.50,183
6841,clothing-6841,clothing,81.03,457
6842,books-6842,books,27.24,14
6843,home-6843,home,82.35,138
6844,toys-6844,toys,31.53,137
6845,food-6845,food,32.48,305
6846,electronics-6846,electronics,81.08,159
6847,clothing-6847,clothing,35.33,488
6848,books-6848,books,8.75,58
6849,home-6849,home,78.53,457
6850,toys-6850,toys,59.26,248
6851,food-6851,food,11.40,288
6852,electronics-6852,electronics,95.97,250
6853,clothing-6853,clothing,49.01,306
6854,books-6854,books,97.89,109
6855,home-6855,home,54.02,20
6856,toys-6856,toys,53.01,190
6857,food-6857,food,89.52,167
6858,electronics-6858,electronics,53.85,329
6859,clothing-6859,clothing,3.89,240
6860,books-6860,books,94.66,451
6861,home-6861,home,95.88,313
6862,toys-6862,toys,24.35,267
6863,food-6863,food,63.27,386
6864,electronics-6864,electronics,37.36,316
6865,clothing-6865,clothing,73.56,224
6866,books-6866,books,89.25,415
6867,home-6867,home,22.60,66
6868,toys-6868,toys,14.52,491
6869,food-6869,food,37.42,25
6870,electronics-6870,electronics,16.41,94
6871,clothing-6871,clothing,80.68,487
6872,books-6872,books,9.55,489
6873,home-6873,home,18.85,420
6874,toys-6874,toys,89.30,142
6875,food-6875,food,30.87,34
6876,electronics-6876,electronics,37.59,442
6877,clothing-6877,clothing,64.81,204
6878,books-6878,books,17.70,199
6879,home-6879,home,3.68,162
6880,toys-6880,toys,55.81,389
6881,food-6881,food,70.29,187
6882,electronics-6882,electronics,67.18,232
6883,clothing-6883,clothing,83.26,271
6884,books-6884,books,18.98,240
6885,home-6885,home,62.78,31
6886,toys-6886,toys,14.92,272
6887,food-6887,food,71.15,470
6888,electronics-6888,electronics,94.77,277
6889,clothing-6889,clothing,9.38,124
6890,books-6890,books,2.77,161
6891,home-6891,home,42.21,268
6892,toys-6892,toys,18.20,196
6893,food-6893,food,25.25,121
6894,electronics-6894,electronics,29.92,109
6895,clothing-6895,clothing,28.39,25
6896,books-6896,books,38.69,23
6897,home-6897,home,61.07,369
6898,toys-6898,toys,82.88,361
6899,food-6899,food,31.77,472
6900,electronics-6900,electronics,35.96,415
6901,clothing-6901,clothing,46.12,325
6902,books-6902,books,26.85,432
6903,home-6903,home,62.09,6
6904,toys-6904,toys,63.70,147
6905,food-6905,food,32.56,189
6906,electronics-6906,electronics,36.03,130
6907,clothing-6907,clothing,62.99,25
6908,books-6908,books,73.11,190
6909,home-6909,home,77.66,321
6910,toys-6910,toys,12.39,57
6911,food-6911,food,68.63,230
6912,electronics-6912,electronics,8.14,58
6913,clothing-6913,clothing,43.12,114
6914,books-6914,books,38.83,316
6915,home-6915,home,78.36,214
6916,toys-6916,toys,54.06,367
6917,food-6917,food,96.87,275
6918,electronics-6918,electronics,6.97,400
6919,clothing-6919,clothing,29.69,395
6920,books-6920,books,69.40,285
6921,home-6921,home,34.85,360
6922,toys-6922,toys,6.11,293
6923,food-6923,food,97.46,413
6924,electronics-6924,electronics,21.99,42
6925,clothing-6925,clothing,97.68,459
6926,books-6926,books,2.92,120
6927,home-6927,home,7.94,8
6928,toys-6928,toys,80.49,19
6929,food-6929,food,21.25,190
6930,electronics-6930,electronics,88.46,336
6931,clothing-6931,clothing,40.41,41
6932,books-6932,books,4.83,97
6933,home-6933,home,93.60,24
6934,toys-6934,toys,68.54,234
6935,food-6935,food,38.53,7
6936,electronics-6936,electronics,13.81,329
6937,clothing-6937,clothing,76.50,82
6938,books-6938,books,27.00,154
6939,home-6939,home,6.76,186
6940,toys-6940,toys,9.48,137
6941,food-6941,food,50.93,272
6942,electronics-6942,electronics,9.79,3
6943,clothing-6943,clothing,8.67,414
6944,books-6944,books,57.11,407
6945,home-6945,home,54.92,179
6946,toys-6946,toys,7.47,334
6947,food-6947,food,77.92,450
6948,electronics-6948,electronics,79.74,280
6949,clothing-6949,clothing,44.39,457
6950,books-6950,books,10.04,365
6951,home-6951,home,12.02,8
6952,toys-6952,toys,51.51,27
6953,food-6953,food,84.60,143
6954,electronics-6954,electronics,58.29,24
6955,clothing-6955,clothing,48.08,294
6956,books-6956,books,75.08,92
6957,home-6957,home,85.18,271
6958,toys-6958,toys,54.28,454
6959,food-6959,food,44.55,104
6960,electronics-6960,electronics,37.38,247
6961,clothing-6961,clothing,21.70,357
6962,books-6962,books,79.04,174
6963,home-6963,home,34.80,78
6964,toys-6964,toys,82.20,282
6965,food-6965,food,31.85,179
6966,electronics-6966,electronics,59.20,67
6967,clothing-6967,clothing,93.41,199
6968,books-6968,books,74.36,47
6969,home-6969,home,40.84,25
6970,toys-6970,toys,69.59,119
6971,food-6971,food,31.81,382
6972,electronics-6972,electronics,38.71,316
6973,clothing-6973,clothing,88.02,357
6974,books-6974,books,22.85,417
6975,home-6975,home,1.34,211
6976,toys-6976,toys,32.26,484
6977,food-6977,food,35.63,313
6978,electronics-6978,electronics,58.54,75
6979,clothing-6979,clothing,1.46,427
6980,books-6980,books,76.90,57
6981,home-6981,home,88.09,292
6982,toys-6982,toys,10.24,381
6983,food-6983,food,86.65,55
6984,electronics-6984,electronics,84.18,251
6985,clothing-6985,clothing,7.52,19
6986,books-6986,books,95.25,31
6987,home-6987,home,23.89,85
6988,toys-6988,toys,91.67,335
6989,food-6989,food,70.56,49
6990,electronics-6990,electronics,85.21,336
6991,clothing-6991,clothing,10.44,137
6992,books-6992,books,71.27,293
6993,home-6993,home,6.50,26
6994,toys-6994,toys,54.83,281
6995,food-6995,food,65.57,32
6996,electronics-6996,electronics,64.85,356
6997,clothing-6997,clothing,85.28,415
6998,books-6998,books,6.20,65
6999,home-6999,home,10.44,95
7000,toys-7000,toys,71.31,261
7001,food-7001,food,91.59,316
7002,electronics-7002,electronics,24.26,114
7003,clothing-7003,clothing,9.90,376
7004,books-7004,books,30.91,305
7005,home-7005,home,31.41,269
7006,toys-7006,toys,74.34,51
7007,food-7007,food,34.09,83
7008,electronics-7008,electronics,16.73,310
7009,clothing-7009,clothing,30.06,30
7010,books-7010,books,13.57,191
7011,home-7011,home,32.86,259
7012,toys-7012,toys,24.02,238
7013,food-7013,food,39.38,275
7014,electronics-7014,electronics,92.24,442
7015,clothing-7015,clothing,39.28,17
7016,books-7016,books,8.18,390
7017,home-7017,home,31.94,229
7018,toys-7018,toys,37.07,281
7019,food-7019,food,51.86,303
7020,electronics-7020,electronics,43.22,443
7021,clothing-7021,clothing,60.17,397
7022,books-7022,books,18.60,18
7023,home-7023,home,93.41,16
7024,toys-7024,toys,68.70,310
7025,food-7025,food,84.27,398
7026,electronics-7026,electronics,52.11,406
7027,clothing-7027,clothing,6.78,310
7028,books-7028,books,77.59,412
7029,home-7029,home,53.92,202
7030,toys-7030,toys,23.16,485
7031,food-7031,food,79.13,354
7032,electronics-7032,electronics,89.05,387
7033,clothing-7033,clothing,10.90,268
7034,books-7034,books,87.10,276
7035,home-7035,home,44.07,104
7036,toys-7036,toys,46.25,405
7037,food-7037,food,15.09,448
7038,electronics-7038,electronics,37.29,473
7039,clothing-7039,clothing,40.98,478
7040,books-7040,books,93.11,416
7041,home-7041,home,14.41,430
7042,toys-7042,toys,76.77,23
7043,food-7043,food,58.98,474
7044,electronics-7044,electronics,92.61,450
7045,clothing-7045,clothing,25.75,202
7046,books-7046,books,60.25,217
7047,home-7047,home,68.14,12
7048,toys-7048,toys,62.61,383
7049,food-7049,food,70.68,66
7050,electronics-7050,electronics,77.74,370
7051,clothing-7051,clothing,5.31,357
7052,books-7052,books,62.28,124
7053,home-7053,home,94.03,187
7054,toys-7054,toys,24.95,451
7055,food-7055,food,80.93,127
7056,electronics-7056,electronics,40.21,375
7057,clothing-7057,clothing,74.41,475
7058,books-7058,books,95.55,494
7059,home-7059,home,9.60,2
7060,toys-7060,toys,62.00,329
7061,food-7061,food,21.95,36
7062,electronics-7062,electronics,55.13,230
7063,clothing-7063,clothing,20.73,153
7064,books-7064,books,53.30,327
7065,home-7065,home,15.80,433
7066,toys-7066,toys,64.91,3
7067,food-7067,food,3.72,335
7068,electronics-7068,electronics,67.34,196
7069,clothing-7069,clothing,32.58,373
7070,books-7070,books,31.98,468
7071,home-7071,home,58.47,342
7072,toys-7072,toys,37.36,342
7073,food-7073,food,21.32,73
7074,electronics-7074,electronics,42.53,244
7075,clothing-7075,clothing,58.14,393
7076,books-7076,books,86.76,414
7077,home-7077,home,98.71,337
7078,toys-7078,toys,3.56,120
7079,food-7079,food,78.20,31
7080,electronics-7080,electronics,35.44,475
7081,clothing-7081,clothing,28.19,203
7082,books-7082,books,13.30,128
7083,home-7083,home,17.16,385
7084,toys-7084,toys,42.04,97
7085,food-7085,food,34.53,356
7086,electronics-7086,electronics,91.56,409
7087,clothing-7087,clothing,47.97,453
7088,books-7088,books,2.09,138
7089,home-7089,home,39.95,335
7090,toys-7090,toys,8.73,19
7091,food-7091,food,78.07,314
7092,electronics-7092,electronics,75.94,165
7093,clothing-7093,clothing,11.69,8
7094,books-7094,books,37.60,114
7095,home-7095,home,67.47,306
7096,toys-7096,toys,8.56,273
7097,food-7097,food,93.97,108
7098,electronics-7098,electronics,2.57,35
7099,clothing-7099,clothing,10.09,306
7100,books-7100,books,8.93,392
7101,home-7101,home,10.82,468
7102,toys-7102,toys,18.58,464
7103,food-7103,food,20.96,167
7104,electronics-7104,electronics,81.86,486
7105,clothing-7105,clothing,69.57,194
7106,books-7106,books,19.59,338
7107,home-7107,home,86.04,292
7108,toys-7108,toys,59.91,367
7109,food-7109,food,38.61,194
7110,electronics-7110,electronics,49.08,43
7111,clothing-7111,clothing,22.04,420
7112,books-7112,books,35.80,308
7113,home-7113,home,64.97,80
7114,toys-7114,toys,84.66,189
7115,food-7115,food,33.84,444
7116,electronics-7116,electronics,48.30,200
7117,clothing-7117,clothing,43.97,75
7118,books-7118,books,72.76,247
7119,home-7119,home,97.49,159
7120,toys-7120,toys,5.19,325
7121,food-7121,food,22.12,367
7122,electronics-7122,electronics,96.03,259
7123,clothing-7123,clothing,87.75,267
7124,books-7124,books,27.73,241
7125,home-7125,home,52.30,497
7126,toys-7126,toys,18.67,298
7127,food-7127,food,4.64,458
7128,electronics-7128,electronics,5.22,492
7129,clothing-7129,clothing,28.05,27
7130,books-7130,books,60.03,27
7131,home-7131,home,49.51,68
7132,toys-7132,toys,89.99,255
7133,food-7133,food,69.00,290
7134,electronics-7134,electronics,25.64,286
7135,clothing-7135,clothing,84.31,226
7136,books-7136,books,0.95,482
7137,home-7137,home,77.40,486
7138,toys-7138,toys,35.99,342
7139,food-7139,food,34.79,257
7140,electronics-7140,electronics,87.43,368
7141,clothing-7141,clothing,86.88,35
7142,books-7142,books,29.78,80
7143,home-7143,home,31.42,400
7144,toys-7144,toys,90.49,220
7145,food-7145,food,11.75,191
7146,electronics-7146,electronics,27.63,230
7147,clothing-7147,clothing,72.07,405
7148,books-7148,books,72.24,41
7149,home-7149,home,59.31,493
7150,toys-7150,toys,67.56,433
7151,food-7151,food,29.16,269
7152,electronics-7152,electronics,46.69,464
7153,clothing-7153,clothing,42.01,403
7154,books-7154,books,62.43,369
7155,home-7155,home,12.27,477
7156,toys-7156,toys,8.62,335
7157,food-7157,food,99.70,11
7158,electronics-7158,electronics,55.11,11
7159,clothing-7159,clothing,83.25,308
7160,books-7160,books,81.16,233
7161,home-7161,home,68.92,479
7162,toys-7162,toys,13.21,45
7163,food-7163,food,88.38,331
7164,electronics-7164,electronics,59.85,9
7165,clothing-7165,clothing,54.47,445
7166,books-7166,books,75.11,181
7167,home-7167,home,66.95,422
7168,toys-7168,toys,77.95,310
7169,food-7169,food,87.90,389
7170,electronics-7170,electronics,4.52,497
7171,clothing-7171,clothing,46.66,191
7172,books-7172,books,32.76,82
7173,home-7173,home,77.29,44
7174,toys-7174,toys,89.32,317
7175,food-7175,food,24.12,345
7176,electronics-7176,electronics,3.67,274
7177,clothing-7177,clothing,78.53,294
7178,books-7178,books,89.92,224
7179,home-7179,home,79.05,398
7180,toys-7180,toys,98.30,279
7181,food-7181,food,15.13,342
7182,electronics-7182,electronics,53.45,24
7183,clothing-7183,clothing,2.55,489
7184,books-7184,books,87.11,101
7185,home-7185,home,33.11,136
7186,toys-7186,toys,62.00,495
7187,food-7187,food,76.68,101
7188,electronics-7188,electronics,18.91,287
7189,clothing-7189,clothing,86.12,8
7190,books-7190,books,39.82,475
7191,home-7191,home,98.14,365
7192,toys-7192,toys,26.73,330
7193,food-7193,food,41.09,289
7194,electronics-7194,electronics,93.38,317
7195,clothing-7195,clothing,25.27,395
7196,books-7196,books,18.38,446
7197,home-7197,home,25.16,296
7198,toys-7198,toys,53.11,289
7199,food-7199,food,39.06,53
7200,electronics-7200,electronics,73.31,468
7201,clothing-7201,clothing,87.99,66
7202,books-7202,books,75.82,330
7203,home-7203,home,87.33,319
7204,toys-7204,toys,87.27,278
7205,food-7205,food,79.28,459
7206,electronics-7206,electronics,2.31,63
7207,clothing-7207,clothing,92.29,403
7208,books-7208,books,33.52,260
7209,home-7209,home,93.39,343
7210,toys-7210,toys,86.04,473
7211,food-7211,food,65.29,281
7212,electronics-7212,electronics,97.51,47
7213,clothing-7213,clothing,81.70,343
7214,books-7214,books,69.51,313
7215,home-7215,home,83.13,192
7216,toys-7216,toys,75.60,473
7217,food-7217,food,43.67,143
7218,electronics-7218,electronics,17.02,351
7219,clothing-7219,clothing,5.02,323
7220,books-7220,books,17.07,400
7221,home-7221,home,92.09,49
7222,toys-7222,toys,60.78,197
7223,food-7223,food,18.58,65
7224,electronics-7224,electronics,32.09,463
7225,clothing-7225,clothing,82.24,14
7226,books-7226,books,53.45,258
7227,home-7227,home,39.48,395
7228,toys-7228,toys,20.52,381
7229,food-7229,food,3.82,165
7230,electronics-7230,electronics,4.77,117
7231,clothing-7231,clothing,52.04,308
7232,books-7232,books,74.24,25
7233,home-7233,home,89.32,81
7234,toys-7234,toys,60.35,99
7235,food-7235,food,58.87,70
7236,electronics-7236,electronics,85.44,229
7237,clothing-7237,clothing,77.17,419
7238,books-7238,books,5.78,364
7239,home-7239,home,17.56,16
7240,toys-7240,toys,55.04,235
7241,food-7241,food,85.86,389
7242,electronics-7242,electronics,43.53,12
7243,clothing-7243,clothing,36.24,109
7244,books-7244,books,64.06,8
7245,home-7245,home,32.91,221
7246,toys-7246,toys,76.11,133
7247,food-7247,food,35.32,401
7248,electronics-7248,electronics,12.13,412
7249,clothing-7249,clothing,44.39,348
7250,books-7250,books,71.74,71
7251,home-7251,home,68.13,337
7252,toys-7252,toys,49.26,446
7253,food-7253,food,20.80,117
7254,electronics-7254,electronics,49.06,470
7255,clothing-7255,clothing,19.42,494
7256,books-7256,books,53.48,125
7257,home-7257,home,9.12,210
7258,toys-7258,toys,93.09,91
7259,food-7259,food,97.72,312
7260,electronics-7260,electronics,52.61,420
7261,clothing-7261,clothing,87.16,359
7262,books-7262,books,57.15,276
7263,home-7263,home,15.04,113
7264,toys-7264,toys,35.70,269
7265,food-7265,food,15.30,329
7266,electronics-7266,electronics,96.03,214
7267,clothing-7267,clothing,93.88,151
7268,books-7268,books,49.22,481
7269,home-7269,home,43.83,151
7270,toys-7270,toys,7.97,485
7271,food-7271,food,52.45,136
7272,electronics-7272,electronics,96.43,189
7273,clothing-7273,clothing,68.05,51
7274,books-7274,books,19.12,239
7275,home-7275,home,23.19,24
7276,toys-7276,toys,49.43,426
7277,food-7277,food,16.19,409
7278,electronics-7278,electronics,55.18,12
7279,clothing-7279,clothing,60.13,271
7280,books-7280,books,32.27,47
7281,home-7281,home,45.14,427
7282,toys-7282,toys,50.63,116
7283,food-7283,food,11.11,91
7284,electronics-7284,electronics,46.30,16
7285,clothing-7285,clothing,44.08,76
7286,books-7286,books,68.41,1
7287,home-7287,home,41.00,90
7288,toys-7288,toys,65.43,455
7289,food-7289,food,92.78,348
7290,electronics-7290,electronics,44.93,489
7291,clothing-7291,clothing,30.25,471
7292,books-7292,books,2.11,137
7293,home-7293,home,91.22,161
7294,toys-7294,toys,14.05,410
7295,food-7295,food,43.18,292
7296,electronics-7296,electronics,31.68,276
7297,clothing-7297,clothing,49.71,297
7298,books-7298,books,40.30,345
7299,home-7299,home,24.24,327
7300,toys-7300,toys,41.65,168
7301,food-7301,food,5.41,158
7302,electronics-7302,electronics,60.47,185
7303,clothing-7303,clothing,19.52,48
7304,books-7304,books,21.73,103
7305,home-7305,home,38.56,244
7306,toys-7306,toys,52.85,195
7307,food-7307,food,34.01,171
7308,electronics-7308,electronics,29.10,404
7309,clothing-7309,clothing,64.91,225
7310,books-7310,books,5.26,302
7311,home-7311,home,19.61,411
7312,toys-7312,toys,30.40,443
7313,food-7313,food,82.05,95
7314,electronics-7314,electronics,71.98,404
7315,clothing-7315,clothing,81.78,71
7316,books-7316,books,81.05,327
7317,home-7317,home,2.72,64
7318,toys-7318,toys,92.14,222
7319,food-7319,food,38.04,26
7320,electronics-7320,electronics,79.59,498
7321,clothing-7321,clothing,95.59,59
7322,books-7322,books,25.50,443
7323,home-7323,home,57.42,416
7324,toys-7324,toys,99.45,291
7325,food-7325,food,53.61,30
7326,electronics-7326,electronics,75.34,256
7327,clothing-7327,clothing,57.81,88
7328,books-7328,books,17.40,164
7329,home-7329,home,16.02,270
7330,toys-7330,toys,3.52,134
7331,food-7331,food,74.77,23
7332,electronics-7332,electronics,83.35,392
7333,clothing-7333,clothing,61.00,444
7334,books-7334,books,82.83,222
7335,home-7335,home,46.50,494
7336,toys-7336,toys,79.64,137
7337,food-7337,food,87.74,475
7338,electronics-7338,electronics,22.97,191
7339,clothing-7339,clothing,51.88,353
7340,books-7340,books,2.39,367
7341,home-7341,home,61.01,492
7342,toys-7342,toys,56.57,223
7343,food-7343,food,23.19,316
7344,electronics-7344,electronics,38.06,413
7345,clothing-7345,clothing,28.73,287
7346,books-7346,books,90.44,89
7347,home-7347,home,60.21,266
7348,toys-7348,toys,25.44,119
7349,food-7349,food,69.48,119
7350,electronics-7350,electronics,73.86,384
7351,clothing-7351,clothing,41.00,120
7352,books-7352,books,27.71,331
7353,home-7353,home,13.46,68
7354,toys-7354,toys,33.59,414
7355,food-7355,food,97.13,244
7356,electronics-7356,electronics,66.26,153
7357,clothing-7357,clothing,77.60,46
7358,books-7358,books,41.85,77
7359,home-7359,home,82.84,405
7360,toys-7360,toys,95.65,286
7361,food-7361,food,26.21,245
7362,electronics-7362,electronics,42.29,493
7363,clothing-7363,clothing,4.07,486
7364,books-7364,books,65.68,92
7365,home-7365,home,96.25,129
7366,toys-7366,toys,84.14,14
7367,food-7367,food,28.69,438
7368,electronics-7368,electronics,51.01,114
7369,clothing-7369,clothing,44.74,478
7370,books-7370,books,67.41,391
7371,home-7371,home,73.50,4
7372,toys-7372,toys,75.13,81
7373,food-7373,food,96.88,241
7374,electronics-7374,electronics,70.76,476
7375,clothing-7375,clothing,40.39,83
7376,books-7376,books,83.84,338
7377,home-7377,home,93.03,182
7378,toys-7378,toys,7.15,158
7379,food-7379,food,85.83,320
7380,electronics-7380,electronics,33.73,403
7381,clothing-7381,clothing,53.01,39
7382,books-7382,books,72.04,319
7383,home-7383,home,44.95,344
7384,toys-7384,toys,33.19,424
7385,food-7385,food,12.32,165
7386,electronics-7386,electronics,73.77,315
7387,clothing-7387,clothing,12.95,25
7388,books-7388,books,67.77,465
7389,home-7389,home,14.74,403
7390,toys-7390,toys,97.97,235
7391,food-7391,food,80.48,25
7392,electronics-7392,electronics,63.01,232
7393,clothing-7393,clothing,83.31,76
7394,books-7394,books,62.53,184
7395,home-7395,home,75.71,204
7396,toys-7396,toys,73.25,177
7397,food-7397,food,10.19,303
7398,electronics-7398,electronics,62.40,364
7399,clothing-7399,clothing,3.27,295
7400,books-7400,books,12.06,229
7401,home-7401,home,30.86,90
7402,toys-7402,toys,10.52,387
7403,food-7403,food,0.34,244
7404,electronics-7404,electronics,66.67,478
7405,clothing-7405,clothing,82.47,23
7406,books-7406,books,61.52,239
7407,home-7407,home,51.37,156
7408,toys-7408,toys,17.42,390
7409,food-7409,food,50.34,435
7410,electronics-7410,electronics,25.85,173
7411,clothing-7411,clothing,24.42,417
7412,books-7412,books,35.40,405
7413,home-7413,home,99.85,50
7414,toys-7414,toys,57.66,442
7415,food-7415,food,42.12,441
7416,electronics-7416,electronics,46.72,407
7417,clothing-7417,clothing,83.73,60
7418,books-7418,books,70.26,432
7419,home-7419,home,13.08,148
7420,toys-7420,toys,54.16,399
7421,food-7421,food,89.95,186
7422,electronics-7422,electronics,6.83,42
7423,clothing-7423,clothing,13.90,409
7424,books-7424,books,11.92,393
7425,home-7425,home,10.59,446
7426,toys-7426,toys,82.76,29
7427,food-7427,food,22.06,231
7428,electronics-7428,electronics,88.01,164
7429,clothing-7429,clothing,98.28,351
7430,books-7430,books,61.46,187
7431,home-7431,home,32.82,256
7432,toys-7432,toys,79.64,221
7433,food-7433,food,90.48,207
7434,electronics-7434,electronics,37.85,66
7435,clothing-7435,clothing,85.54,245
7436,books-7436,books,11.58,45
7437,home-7437,home,55.01,53
7438,toys-7438,toys,31.16,154
7439,food-7439,food,82.69,46
7440,electronics-7440,electronics,21.63,396
7441,clothing-7441,clothing,22.39,63
7442,books-7442,books,43.96,259
7443,home-7443,home,92.19,287
7444,toys-7444,toys,7.15,223
7445,food-7445,food,50.23,468
7446,electronics-7446,electronics,58.81,192
7447,clothing-7447,clothing,60.11,467
7448,books-7448,books,90.91,438
7449,home-7449,home,37.33,300
7450,toys-7450,toys,49.44,63
7451,food-7451,food,86.73,459
7452,electronics-7452,electronics,96.11,312
7453,clothing-7453,clothing,55.98,493
7454,books-7454,books,5.45,468
7455,home-7455,home,90.71,263
7456,toys-7456,toys,90.77,328
7457,food-7457,food,32.14,290
7458,electronics-7458,electronics,0.68,263
7459,clothing-7459,clothing,60.68,118
7460,books-7460,books,71.65,35
7461,home-7461,home,80.36,156
7462,toys-7462,toys,37.40,177
7463,food-7463,food,14.99,492
7464,electronics-7464,electronics,64.11,427
7465,clothing-7465,clothing,76.75,469
7466,books-7466,books,46.38,498
7467,home-7467,home,24.06,366
7468,toys-7468,toys,30.52,126
7469,food-7469,food,51.06,93
7470,electronics-7470,electronics,83.95,351
7471,clothing-7471,clothing,97.89,224
7472,books-7472,books,22.37,314
7473,home-7473,home,71.89,236
7474,toys-7474,toys,18.56,242
7475,food-7475,food,83.87,291
7476,electronics-7476,electronics,20.59,489
7477,clothing-7477,clothing,69.73,339
7478,books-7478,books,25.52,44
7479,home-7479,home,97.87,326
7480,toys-7480,toys,93.20,235
7481,food-7481,food,69.81,130
7482,electronics-7482,electronics,88.39,334
7483,clothing-7483,clothing,85.07,180
7484,books-7484,books,70.10,59
7485,home-7485,home,72.05,397
7486,toys-7486,toys,94.68,163
7487,food-7487,food,24.34,376
7488,electronics-7488,electronics,23.82,291
7489,clothing-7489,clothing,20.94,465
7490,books-7490,books,95.01,437
7491,home-7491,home,76.94,93
7492,toys-7492,toys,63.66,373
7493,food-7493,food,94.50,252
7494,electronics-7494,electronics,57.98,294
7495,clothing-7495,clothing,81.61,70
7496,books-7496,books,67.78,463
7497,home-7497,home,18.47,50
7498,toys-7498,toys,36.73,388
7499,food-7499,food,23.09,402
7500,electronics-7500,electronics,88.42,305
7501,clothing-7501,clothing,92.42,28
7502,books-7502,books,25.52,250
7503,home-7503,home,87.24,370
7504,toys-7504,toys,2.60,377
7505,food-7505,food,54.80,54
7506,electronics-7506,electronics,44.98,71
7507,clothing-7507,clothing,76.38,124
7508,books-7508,books,64.98,40
7509,home-7509,home,15.43,455
7510,toys-7510,toys,10.00,271
7511,food-7511,food,6.43,423
7512,electronics-7512,electronics,20.83,176
7513,clothing-7513,clothing,85.70,283
7514,books-7514,books,63.39,109
7515,home-7515,home,90.55,162
7516,toys-7516,toys,41.65,60
7517,food-7517,food,57.57,224
7518,electronics-7518,electronics,24.91,331
7519,clothing-7519,clothing,77.16,57
7520,books-7520,books,37.28,105
7521,home-7521,home,98.08,177
7522,toys-7522,toys,62.17,40
7523,food-7523,food,18.39,411
7524,electronics-7524,electronics,88.34,312
7525,clothing-7525,clothing,77.30,20
7526,books-7526,books,57.48,441
7527,home-7527,home,37.84,25
7528,toys-7528,toys,40.19,181
7529,food-7529,food,15.46,214
7530,electronics-7530,electronics,81.81,38
7531,clothing-7531,clothing,51.23,488
7532,books-7532,books,53.72,201
7533,home-7533,home,50.00,188
7534,toys-7534,toys,71.33,120
7535,food-7535,food,47.30,412
7536,electronics-7536,electronics,72.54,423
7537,clothing-7537,clothing,98.37,22
7538,books-7538,books,1.83,167
7539,home-7539,home,89.73,215
7540,toys-7540,toys,57.00,164
7541,food-7541,food,71.16,338
7542,electronics-7542,electronics,27.70,151
7543,clothing-7543,clothing,5.74,238
7544,books-7544,books,58.01,26
7545,home-7545,home,3.83,399
7546,toys-7546,toys,56.19,324
7547,food-7547,food,66.36,460
7548,electronics-7548,electronics,33.18,140
7549,clothing-7549,clothing,63.99,303
7550,books-7550,books,22.14,435
7551,home-7551,home,63.46,294
7552,toys-7552,toys,4.87,209
7553,food-7553,food,99.01,380
7554,electronics-7554,electronics,89.78,239
7555,clothing-7555,clothing,72.91,194
7556,books-7556,books,12.44,52
7557,home-7557,home,18.14,38
7558,toys-7558,toys,23.64,397
7559,food-7559,food,8.04,191
7560,electronics-7560,electronics,98.16,297
7561,clothing-7561,clothing,87.49,285
7562,books-7562,books,7.80,384
7563,home-7563,home,48.55,380
7564,toys-7564,toys,20.32,310
7565,food-7565,food,22.94,86
7566,electronics-7566,electronics,59.88,65
7567,clothing-7567,clothing,45.25,169
7568,books-7568,books,27.01,361
7569,home-7569,home,98.72,348
7570,toys-7570,toys,20.62,197
7571,food-7571,food,72.82,484
7572,electronics-7572,electronics,21.93,397
7573,clothing-7573,clothing,70.97,429
7574,books-7574,books,83.99,304
7575,home-7575,home,93.40,438
7576,toys-7576,toys,23.39,206
7577,food-7577,food,18.91,137
7578,electronics-7578,electronics,54.04,164
7579,clothing-7579,clothing,70.50,351
7580,books-7580,books,62.57,457
7581,home-7581,home,41.58,348
7582,toys-7582,toys,48.37,461
7583,food-7583,food,0.22,476
7584,electronics-7584,electronics,50.85,110
7585,clothing-7585,clothing,53.19,336
7586,books-7586,books,50.22,77
7587,home-7587,home,65.03,155
7588,toys-7588,toys,89.24,303
7589,food-7589,food,56.14,496
7590,electronics-7590,electronics,92.24,412
7591,clothing-7591,clothing,86.14,389
7592,books-7592,books,97.96,301
7593,home-7593,home,55.66,318
7594,toys-7594,toys,18.00,327
7595,food-7595,food,85.38,405
7596,electronics-7596,electronics,68.61,419
7597,clothing-7597,clothing,41.43,348
7598,books-7598,books,68.62,192
7599,home-7599,home,47.29,420
7600,toys-7600,toys,22.01,172
7601,food-7601,food,61.22,237
7602,electronics-7602,electronics,52.58,344
7603,clothing-7603,clothing,26.16,433
7604,books-7604,books,64.54,194
7605,home-7605,home,97.02,290
7606,toys-7606,toys,35.62,79
7607,food-7607,food,7.06,152
7608,electronics-7608,electronics,90.43,297
7609,clothing-7609,clothing,68.00,167
7610,books-7610,books,17.41,81
7611,home-7611,home,50.75,14
7612,toys-7612,toys,61.49,83
7613,food-7613,food,9.62,393
7614,electronics-7614,electronics,97.50,295
7615,clothing-7615,clothing,83.49,376
7616,books-7616,books,76.09,5
7617,home-7617,home,0.74,134
7618,toys-7618,toys,41.55,215
7619,food-7619,food,86.11,38
7620,electronics-7620,electronics,82.93,308
7621,clothing-7621,clothing,96.91,208
7622,books-7622,books,81.63,415
7623,home-7623,home,59.28,110
7624,toys-7624,toys,84.60,335
7625,food-7625,food,61.38,184
7626,electronics-7626,electronics,81.68,121
7627,clothing-7627,clothing,92.38,120
7628,books-7628,books,52.36,422
7629,home-7629,home,61.47,38
7630,toys-7630,toys,31.35,286
7631,food-7631,food,51.80,170
7632,electronics-7632,electronics,70.29,41
7633,clothing-7633,clothing,68.62,260
7634,books-7634,books,94.58,156
7635,home-7635,home,73.23,198
7636,toys-7636,toys,48.11,46
7637,food-7637,food,11.25,183
7638,electronics-7638,electronics,9.89,261
7639,clothing-7639,clothing,33.51,390
7640,books-7640,books,79.59,64
7641,home-7641,home,2.85,374
7642,toys-7642,toys,78.86,406
7643,food-7643,food,42.42,199
7644,electronics-7644,electronics,49.25,380
7645,clothing-7645,clothing,53.31,359
7646,books-7646,books,68.62,394
7647,home-7647,home,87.57,59
7648,toys-7648,toys,66.74,252
7649,food-7649,food,3.98,261
7650,electronics-7650,electronics,64.97,342
7651,clothing-7651,clothing,72.99,216
7652,books-7652,books,99.73,439
7653,home-7653,home,47.09,172
7654,toys-7654,toys,49.17,1
7655,food-7655,food,30.96,434
7656,electronics-7656,electronics,66.01,141
7657,clothing-7657,clothing,28.44,317
7658,books-7658,books,4.71,202
7659,home-7659,home,8.87,384
7660,toys-7660,toys,23.57,130
7661,food-7661,food,39.30,19
7662,electronics-7662,electronics,80.18,141
7663,clothing-7663,clothing,17.34,452
7664,books-7664,books,67.35,441
7665,home-7665,home,4.20,302
7666,toys-7666,toys,32.21,111
7667,food-7667,food,91.42,401
7668,electronics-7668,electronics,30.10,56
7669,clothing-7669,clothing,65.23,114
7670,books-7670,books,2.54,231
7671,home-7671,home,94.66,138
7672,toys-7672,toys,33.12,187
7673,food-7673,food,77.55,31
7674,electronics-7674,electronics,26.94,266
7675,clothing-7675,clothing,82.91,439
7676,books-7676,books,50.28,362
7677,home-7677,home,0.03,27
7678,toys-7678,toys,66.84,91
7679,food-7679,food,27.08,128
7680,electronics-7680,electronics,7.04,135
7681,clothing-7681,clothing,58.94,57
7682,books-7682,books,50.61,416
7683,home-7683,home,52.83,460
7684,toys-7684,toys,30.52,360
7685,food-7685,food,92.37,240
7686,electronics-7686,electronics,25.58,370
7687,clothing-7687,clothing,64.50,288
7688,books-7688,books,5.09,131
7689,home-7689,home,60.77,271
7690,toys-7690,toys,25.34,411
7691,food-7691,food,66.46,378
7692,electronics-7692,electronics,26.21,133
7693,clothing-7693,clothing,15.16,371
7694,books-7694,books,37.47,92
7695,home-7695,home,45.83,265
7696,toys-7696,toys,87.69,191
7697,food-7697,food,64.21,197
7698,electronics-7698,electronics,10.81,487
7699,clothing-7699,clothing,31.15,70
7700,books-7700,books,13.13,241
7701,home-7701,home,43.59,216
7702,toys-7702,toys,62.57,403
7703,food-7703,food,9.42,113
7704,electronics-7704,electronics,12.96,179
7705,clothing-7705,clothing,38.44,209
7706,books-7706,books,72.62,181
7707,home-7707,home,15.95,25
7708,toys-7708,toys,38.33,217
7709,food-7709,food,27.17,364
7710,electronics-7710,electronics,69.77,167
7711,clothing-7711,clothing,50.95,352
7712,books-7712,books,1.57,391
7713,home-7713,home,49.50,275
7714,toys-7714,toys,76.53,48
7715,food-7715,food,52.88,296
7716,electronics-7716,electronics,17.21,163
7717,clothing-7717,clothing,89.78,460
7718,books-7718,books,33.03,76
7719,home-7719,home,65.37,323
7720,toys-7720,toys,5.93,236
7721,food-7721,food,42.01,43
7722,electronics-7722,electronics,57.76,471
7723,clothing-7723,clothing,39.25,220
7724,books-7724,books,41.24,123
7725,home-7725,home,66.35,149
7726,toys-7726,toys,35.54,466
7727,food-7727,food,62.52,339
7728,electronics-7728,electronics,1.70,86
7729,clothing-7729,clothing,87.04,31
7730,books-7730,books,77.10,164
7731,home-7731,home,42.48,56
7732,toys-7732,toys,90.58,252
7733,food-7733,food,72.49,298
7734,electronics-7734,electronics,74.41,181
7735,clothing-7735,clothing,0.61,224
7736,books-7736,books,50.74,419
7737,home-7737,home,32.59,122
7738,toys-7738,toys,82.81,323
7739,food-7739,food,47.52,65
7740,electronics-7740,electronics,0.54,376
7741,clothing-7741,clothing,9.09,358
7742,books-7742,books,54.98,327
7743,home-7743,home,61.80,150
7744,toys-7744,toys,51.20,309
7745,food-7745,food,32.20,341
7746,electronics-7746,electronics,74.82,110
7747,clothing-7747,clothing,9.54,377
7748,books-7748,books,62.83,359
7749,home-7749,home,17.44,398
7750,toys-7750,toys,15.34,112
7751,food-7751,food,18.23,232
7752,electronics-7752,electronics,55.56,425
7753,clothing-7753,clothing,47.72,199
7754,books-7754,books,0.11,191
7755,home-7755,home,69.51,335
7756,toys-7756,toys,99.97,126
7757,food-7757,food,58.56,415
7758,electronics-7758,electronics,41.28,189
7759,clothing-7759,clothing,49.35,31
7760,books-7760,books,64.57,386
7761,home-7761,home,92.08,265
7762,toys-7762,toys,5.53,386
7763,food-7763,food,3.92,95
7764,electronics-7764,electronics,78.91,409
7765,clothing-7765,clothing,74.29,178
7766,books-7766,books,28.65,15
7767,home-7767,home,96.97,62
7768,toys-7768,toys,30.32,224
7769,food-7769,food,64.29,224
7770,electronics-7770,electronics,46.93,472
7771,clothing-7771,clothing,88.63,21
7772,books-7772,books,7.42,107
7773,home-7773,home,78.22,308
7774,toys-7774,toys,57.49,104
7775,food-7775,food,34.69,175
7776,electronics-7776,electronics,53.25,146
7777,clothing-7777,clothing,22.03,95
7778,books-7778,books,92.51,77
7779,home-7779,home,39.64,161
7780,toys-7780,toys,9.77,193
7781,food-7781,food,16.60,359
7782,electronics-7782,electronics,67.27,483
7783,clothing-7783,clothing,87.51,309
7784,books-7784,books,43.04,285
7785,home-7785,home,51.82,219
7786,toys-7786,toys,84.17,241
7787,food-7787,food,99.78,116
7788,electronics-7788,electronics,60.91,233
7789,clothing-7789,clothing,41.96,172
7790,books-7790,books,10.80,97
7791,home-7791,home,52.41,259
7792,toys-7792,toys,86.13,56
7793,food-7793,food,65.11,94
7794,electronics-7794,electronics,8.81,68
7795,clothing-7795,clothing,27.68,162
7796,books-7796,books,26.31,458
7797,home-7797,home,10.35,396
7798,toys-7798,toys,45.87,205
7799,food-7799,food,47.65,358
7800,electronics-7800,electronics,49.05,425
7801,clothing-7801,clothing,9.94,136
7802,books-7802,books,88.28,78
7803,home-7803,home,23.31,257
7804,toys-7804,toys,50.32,200
7805,food-7805,food,19.14,173
7806,electronics-7806,electronics,85.59,44
7807,clothing-7807,clothing,54.66,125
7808,books-7808,books,65.83,278
7809,home-7809,home,14.05,78
7810,toys-7810,toys,46.66,40
7811,food-7811,food,15.45,152
7812,electronics-7812,electronics,55.39,255
7813,clothing-7813,clothing,66.28,398
7814,books-7814,books,68.76,255
7815,home-7815,home,64.48,21
7816,toys-7816,toys,58.38,382
7817,food-7817,food,48.73,407
7818,electronics-7818,electronics,39.61,238
7819,clothing-7819,clothing,46.57,8
7820,books-7820,books,97.46,227
7821,home-7821,home,6.03,42
7822,toys-7822,toys,72.34,72
7823,food-7823,food,59.12,397
7824,electronics-7824,electronics,37.92,329
7825,clothing-7825,clothing,83.16,386
7826,books-7826,books,47.08,271
7827,home-7827,home,54.49,347
7828,toys-7828,toys,71.00,95
7829,food-7829,food,90.16,23
7830,electronics-7830,electronics,69.35,291
7831,clothing-7831,clothing,57.36,138
7832,books-7832,books,28.03,165
7833,home-7833,home,96.19,477
7834,toys-7834,toys,92.23,368
7835,food-7835,food,3.96,390
7836,electronics-7836,electronics,79.36,350
7837,clothing-7837,clothing,87.99,82
7838,books-7838,books,8.65,302
7839,home-7839,home,73.25,101
7840,toys-7840,toys,39.22,196
7841,food-7841,food,49.05,98
7842,electronics-7842,electronics,32.37,147
7843,clothing-7843,clothing,18.05,450
7844,books-7844,books,38.04,431
7845,home-7845,home,77.30,126
7846,toys-7846,toys,37.82,242
7847,food-7847,food,19.51,316
7848,electronics-7848,electronics,82.83,345
7849,clothing-7849,clothing,97.43,436
7850,books-7850,books,29.34,164
7851,home-7851,home,0.32,424
7852,toys-7852,toys,29.70,139
7853,food-7853,food,50.19,278
7854,electronics-7854,electronics,93.32,353
7855,clothing-7855,clothing,16.18,443
7856,books-7856,books,95.76,206
7857,home-7857,home,34.83,425
7858,toys-7858,toys,97.63,360
7859,food-7859,food,38.96,493
7860,electronics-7860,electronics,72.66,32
7861,clothing-7861,clothing,74.73,19
7862,books-7862,books,3.89,91
7863,home-7863,home,17.91,462
7864,toys-7864,toys,5.23,248
7865,food-7865,food,6.51,19
7866,electronics-7866,electronics,44.43,467
7867,clothing-7867,clothing,73.97,306
7868,books-7868,books,0.35,213
7869,home-7869,home,30.15,230
7870,toys-7870,toys,35.68,55
7871,food-7871,food,23.83,142
7872,electronics-7872,electronics,42.41,243
7873,clothing-7873,clothing,61.90,396
7874,books-7874,books,40.54,482
7875,home-7875,home,32.63,354
7876,toys-7876,toys,2.97,490
7877,food-7877,food,62.00,437
7878,electronics-7878,electronics,21.04,284
7879,clothing-7879,clothing,17.15,191
7880,books-7880,books,69.49,337
7881,home-7881,home,70.73,188
7882,toys-7882,toys,32.23,361
7883,food-7883,food,19.28,355
7884,electronics-7884,electronics,46.91,145
7885,clothing-7885,clothing,79.07,89
7886,books-7886,books,44.86,221
7887,home-7887,home,28.86,388
7888,toys-7888,toys,97.52,270
7889,food-7889,food,79.52,438
7890,electronics-7890,electronics,94.93,281
7891,clothing-7891,clothing,15.73,483
7892,books-7892,books,86.29,349
7893,home-7893,home,5.63,141
7894,toys-7894,toys,54.58,139
7895,food-7895,food,24.67,116
7896,electronics-7896,electronics,74.24,437
7897,clothing-7897,clothing,54.39,354
7898,books-7898,books,20.84,188
7899,home-7899,home,83.22,244
7900,toys-7900,toys,95.09,284
7901,food-7901,food,56.78,133
7902,electronics-7902,electronics,54.13,30
7903,clothing-7903,clothing,54.08,497
7904,books-7904,books,49.09,11
7905,home-7905,home,80.43,449
7906,toys-7906,toys,31.05,140
7907,food-7907,food,65.75,470
7908,electronics-7908,electronics,65.89,447
7909,clothing-7909,clothing,63.69,479
7910,books-7910,books,95.67,13
7911,home-7911,home,52.46,368
7912,toys-7912,toys,18.67,331
7913,food-7913,food,10.87,497
7914,electronics-7914,electronics,84.29,149
7915,clothing-7915,clothing,96.12,12
7916,books-7916,books,29.32,89
7917,home-7917,home,2.70,168
7918,toys-7918,toys,5.36,1
7919,food-7919,food,64.72,129
7920,electronics-7920,electronics,61.89,396
7921,clothing-7921,clothing,2.48,201
7922,books-7922,books,75.91,206
7923,home-7923,home,3.45,133
7924,toys-7924,toys,13.66,447
7925,food-7925,food,87.38,339
7926,electronics-7926,electronics,59.26,310
7927,clothing-7927,clothing,82.49,490
7928,books-7928,books,83.26,462
7929,home-7929,home,27.78,416
7930,toys-7930,toys,71.59,490
7931,food-7931,food,89.93,218
7932,electronics-7932,electronics,55.11,158
7933,clothing-7933,clothing,86.71,328
7934,books-7934,books,46.25,221
7935,home-7935,home,59.23,61
7936,toys-7936,toys,67.57,77
7937,food-7937,food,57.83,466
7938,electronics-7938,electronics,88.20,264
7939,clothing-7939,clothing,37.57,259
7940,books-7940,books,25.00,25
7941,home-7941,home,56.30,471
7942,toys-7942,toys,36.27,425
7943,food-7943,food,97.74,257
7944,electronics-7944,electronics,98.30,26
7945,clothing-7945,clothing,88.74,318
7946,books-7946,books,88.47,70
7947,home-7947,home,92.20,234
7948,toys-7948,toys,32.54,154
7949,food-7949,food,54.22,88
7950,electronics-7950,electronics,74.23,124
7951,clothing-7951,clothing,86.41,43
7952,books-7952,books,78.07,4
7953,home-7953,home,95.76,494
7954,toys-7954,toys,22.97,181
7955,food-7955,food,44.63,9
7956,electronics-7956,electronics,54.76,486
7957,clothing-7957,clothing,82.54,32
7958,books-7958,books,32.70,457
7959,home-7959,home,93.50,78
7960,toys-7960,toys,39.15,294
7961,food-7961,food,29.98,96
7962,electronics-7962,electronics,84.41,384
7963,clothing-7963,clothing,44.07,383
7964,books-7964,books,86.15,348
7965,home-7965,home,73.44,433
7966,toys-7966,toys,58.15,197
7967,food-7967,food,16.30,240
7968,electronics-7968,electronics,41.82,335
7969,clothing-7969,clothing,90.37,242
7970,books-7970,books,60.67,290
7971,home-7971,home,18.26,458
7972,toys-7972,toys,91.82,236
7973,food-7973,food,15.29,305
7974,electronics-7974,electronics,56.66,84
7975,clothing-7975,clothing,15.22,178
7976,books-7976,books,7.90,386
7977,home-7977,home,89.83,121
7978,toys-7978,toys,67.43,45
7979,food-7979,food,68.69,389
7980,electronics-7980,electronics,91.61,238
7981,clothing-7981,clothing,24.36,95
7982,books-7982,books,30.54,435
7983,home-7983,home,87.85,468
7984,toys-7984,toys,97.88,432
7985,food-7985,food,46.57,380
7986,electronics-7986,electronics,4.81,449
7987,clothing-7987,clothing,75.21,155
7988,books-7988,books,78.97,132
7989,home-7989,home,16.38,20
7990,toys-7990,toys,36.55,68
7991,food-7991,food,66.69,461
7992,electronics-7992,electronics,15.90,393
7993,clothing-7993,clothing,39.50,434
7994,books-7994,books,81.71,1
7995,home-7995,home,30.04,205
7996,toys-7996,toys,20.02,120
7997,food-7997,food,16.42,413
7998,electronics-7998,electronics,88.45,475
7999,clothing-7999,clothing,92.60,138
8000,books-8000,books,21.72,116
8001,home-8001,home,17.77,104
8002,toys-8002,toys,37.58,104
8003,food-8003,food,2.96,166
8004,electronics-8004,electronics,26.02,152
8005,clothing-8005,clothing,37.03,175
8006,books-8006,books,34.41,296
8007,home-8007,home,5.36,417
8008,toys-8008,toys,10.34,279
8009,food-8009,food,96.26,66
8010,electronics-8010,electronics,15.80,342
8011,clothing-8011,clothing,50.43,124
8012,books-8012,books,82.63,190
8013,home-8013,home,31.83,341
8014,toys-8014,toys,53.08,408
8015,food-8015,food,90.27,84
8016,electronics-8016,electronics,19.14,193
8017,clothing-8017,clothing,12.06,490
8018,books-8018,books,81.30,209
8019,home-8019,home,81.42,312
8020,toys-8020,toys,4.79,315
8021,food-8021,food,77.72,482
8022,electronics-8022,electronics,75.50,373
8023,clothing-8023,clothing,44.75,432
8024,books-8024,books,65.36,435
8025,home-8025,home,16.58,148
8026,toys-8026,toys,33.73,290
8027,food-8027,food,92.46,203
8028,electronics-8028,electronics,14.20,16
8029,clothing-8029,clothing,66.92,75
8030,books-8030,books,16.24,493
8031,home-8031,home,46.42,224
8032,toys-8032,toys,2.57,361
8033,food-8033,food,81.50,183
8034,electronics-8034,electronics,67.56,71
8035,clothing-8035,clothing,4.77,192
8036,books-8036,books,79.80,320
8037,home-8037,home,48.26,142
8038,toys-8038,toys,90.69,356
8039,food-8039,food,47.48,66
8040,electronics-8040,electronics,16.37,77
8041,clothing-8041,clothing,1.43,420
8042,books-8042,books,54.05,160
8043,home-8043,home,78.34,181
8044,toys-8044,toys,18.35,480
8045,food-8045,food,54.80,387
8046,electronics-8046,electronics,73.71,381
8047,clothing-8047,clothing,13.02,281
8048,books-8048,books,78.91,410
8049,home-8049,home,50.43,182
8050,toys-8050,toys,60.10,12
8051,food-8051,food,49.96,49
8052,electronics-8052,electronics,25.54,197
8053,clothing-8053,clothing,11.78,407
8054,books-8054,books,78.02,85
8055,home-8055,home,54.70,214
8056,toys-8056,toys,43.46,446
8057,food-8057,food,86.57,52
8058,electronics-8058,electronics,32.87,75
8059,clothing-8059,clothing,30.05,339
8060,books-8060,books,30.09,258
8061,home-8061,home,41.73,361
8062,toys-8062,toys,73.88,156
8063,food-8063,food,85.13,451
8064,electronics-8064,electronics,53.56,116
8065,clothing-8065,clothing,49.36,137
8066,books-8066,books,93.30,236
8067,home-8067,home,68.52,61
8068,toys-8068,toys,98.43,268
8069,food-8069,food,28.32,218
8070,electronics-8070,electronics,45.01,136
8071,clothing-8071,clothing,13.75,238
8072,books-8072,books,9.81,441
8073,home-8073,home,83.84,65
8074,toys-8074,toys,45.34,250
8075,food-8075,food,69.46,94
8076,electronics-8076,electronics,87.85,305
8077,clothing-8077,clothing,14.41,362
8078,books-8078,books,22.93,93
8079,home-8079,home,72.51,49
8080,toys-8080,toys,71.47,119
8081,food-8081,food,36.67,128
8082,electronics-8082,electronics,26.68,302
8083,clothing-8083,clothing,65.35,110
8084,books-8084,books,80.46,345
8085,home-8085,home,63.21,453
8086,toys-8086,toys,80.38,25
8087,food-8087,food,28.42,433
8088,electronics-8088,electronics,43.15,259
8089,clothing-8089,clothing,87.84,295
8090,books-8090,books,91.90,353
8091,home-8091,home,8.02,134
8092,toys-8092,toys,75.82,373
8093,food-8093,food,98.53,282
8094,electronics-8094,electronics,2.72,168
8095,clothing-8095,clothing,71.04,426
8096,books-8096,books,68.31,65
8097,home-8097,home,21.33,423
8098,toys-8098,toys,11.30,174
8099,food-8099,food,23.30,231
8100,electronics-8100,electronics,60.14,490
8101,clothing-8101,clothing,59.61,75
8102,books-8102,books,39.62,467
8103,home-8103,home,93.70,415
8104,toys-8104,toys,77.76,277
8105,food-8105,food,93.92,100
8106,electronics-8106,electronics,49.33,7
8107,clothing-8107,clothing,49.53,51
8108,books-8108,books,91.09,71
8109,home-8109,home,45.31,103
8110,toys-8110,toys,71.90,327
8111,food-8111,food,21.60,171
8112,electronics-8112,electronics,77.27,154
8113,clothing-8113,clothing,87.52,219
8114,books-8114,books,47.25,189
8115,home-8115,home,63.96,461
8116,toys-8116,toys,32.15,58
8117,food-8117,food,23.72,390
8118,electronics-8118,electronics,93.56,381
8119,clothing-8119,clothing,42.95,194
8120,books-8120,books,59.52,203
8121,home-8121,home,52.29,385
8122,toys-8122,toys,16.87,2
8123,food-8123,food,7.99,323
8124,electronics-8124,electronics,56.32,488
8125,clothing-8125,clothing,23.16,434
8126,books-8126,books,14.14,211
8127,home-8127,home,56.65,114
8128,toys-8128,toys,96.51,96
8129,food-8129,food,32.39,479
8130,electronics-8130,electronics,48.12,61
8131,clothing-8131,clothing,26.86,451
8132,books-8132,books,45.74,120
8133,home-8133,home,59.23,33
8134,toys-8134,toys,50.44,327
8135,food-8135,food,56.12,168
8136,electronics-8136,electronics,78.39,94
8137,clothing-8137,clothing,5.26,137
8138,books-8138,books,6.28,146
8139,home-8139,home,48.27,32
8140,toys-8140,toys,98.62,13
8141,food-8141,food,52.95,289
8142,electronics-8142,electronics,17.40,183
8143,clothing-8143,clothing,21.42,220
8144,books-8144,books,89.56,416
8145,home-8145,home,10.31,290
8146,toys-8146,toys,46.81,355
8147,food-8147,food,65.83,455
8148,electronics-8148,electronics,22.55,408
8149,clothing-8149,clothing,4.28,183
8150,books-8150,books,94.45,331
8151,home-8151,home,20.10,158
8152,toys-8152,toys,84.75,125
8153,food-8153,food,45.99,113
8154,electronics-8154,electronics,93.36,424
8155,clothing-8155,clothing,99.76,43
8156,books-8156,books,55.06,17
8157,home-8157,home,13.92,44
8158,toys-8158,toys,41.63,456
8159,food-8159,food,87.53,84
8160,electronics-8160,electronics,60.71,432
8161,clothing-8161,clothing,51.03,360
8162,books-8162,books,48.21,22
8163,home-8163,home,96.43,469
8164,toys-8164,toys,74.58,346
8165,food-8165,food,46.46,79
8166,electronics-8166,electronics,13.34,297
8167,clothing-8167,clothing,92.28,85
8168,books-8168,books,99.45,100
8169,home-8169,home,84.58,316
8170,toys-8170,toys,87.78,346
8171,food-8171,food,58.22,71
8172,electronics-8172,electronics,18.21,315
8173,clothing-8173,clothing,50.07,341
8174,books-8174,books,78.76,493
8175,home-8175,home,15.78,19
8176,toys-8176,toys,91.11,436
8177,food-8177,food,57.15,392
8178,electronics-8178,electronics,20.34,123
8179,clothing-8179,clothing,40.16,209
8180,books-8180,books,65.74,96
8181,home-8181,home,39.24,2
8182,toys-8182,toys,96.12,72
8183,food-8183,food,99.84,330
8184,electronics-8184,electronics,41.73,29
8185,clothing-8185,clothing,66.01,399
8186,books-8186,books,83.70,209
8187,home-8187,home,52.56,207
8188,toys-8188,toys,19.30,55
8189,food-8189,food,86.41,395
8190,electronics-8190,electronics,34.97,196
8191,clothing-8191,clothing,97.44,281
8192,books-8192,books,78.04,390
8193,home-8193,home,14.49,493
8194,toys-8194,toys,87.14,309
8195,food-8195,food,37.20,392
8196,electronics-8196,electronics,26.56,448
8197,clothing-8197,clothing,49.84,40
8198,books-8198,books,19.56,490
8199,home-8199,home,33.36,421
8200,toys-8200,toys,40.69,466
8201,food-8201,food,37.20,405
8202,electronics-8202,electronics,36.53,241
8203,clothing-8203,clothing,79.42,437
8204,books-8204,books,89.63,403
8205,home-8205,home,56.46,21
8206,toys-8206,toys,8.40,25
8207,food-8207,food,94.71,303
8208,electronics-8208,electronics,31.37,86
8209,clothing-8209,clothing,18.34,145
8210,books-8210,books,54.81,20
8211,home-8211,home,13.84,384
8212,toys-8212,toys,64.59,423
8213,food-8213,food,64.17,368
8214,electronics-8214,electronics,59.26,391
8215,clothing-8215,clothing,92.93,442
8216,books-8216,books,97.55,359
8217,home-8217,home,29.27,137
8218,toys-8218,toys,53.89,316
8219,food-8219,food,16.27,170
8220,electronics-8220,electronics,45.21,351
8221,clothing-8221,clothing,2.68,1
8222,books-8222,books,88.85,144
8223,home-8223,home,95.44,2
8224,toys-8224,toys,65.63,467
8225,food-8225,food,19.75,84
8226,electronics-8226,electronics,61.46,180
8227,clothing-8227,clothing,75.75,459
8228,books-8228,books,44.88,489
8229,home-8229,home,76.48,55
8230,toys-8230,toys,59.70,425
8231,food-8231,food,32.44,227
8232,electronics-8232,electronics,10.93,142
8233,clothing-8233,clothing,59.56,270
8234,books-8234,books,65.97,206
8235,home-8235,home,36.79,265
8236,toys-8236,toys,17.49,101
8237,food-8237,food,33.23,22
8238,electronics-8238,electronics,17.47,263
8239,clothing-8239,clothing,91.20,451
8240,books-8240,books,60.59,252
8241,home-8241,home,10.34,201
8242,toys-8242,toys,55.74,18
8243,food-8243,food,92.33,285
8244,electronics-8244,electronics,7.25,26
8245,clothing-8245,clothing,17.62,224
8246,books-8246,books,42.38,418
8247,home-8247,home,63.50,255
8248,toys-8248,toys,6.95,143
8249,food-8249,food,43.40,208
8250,electronics-8250,electronics,18.03,420
8251,clothing-8251,clothing,45.12,70
8252,books-8252,books,97.54,408
8253,home-8253,home,64.24,346
8254,toys-8254,toys,1.98,494
8255,food-8255,food,46.75,105
8256,electronics-8256,electronics,65.08,58
8257,clothing-8257,clothing,66.83,68
8258,books-8258,books,22.82,425
8259,home-8259,home,94.62,266
8260,toys-8260,toys,2.09,31
8261,food-8261,food,17.15,30
8262,electronics-8262,electronics,74.44,452
8263,clothing-8263,clothing,96.66,409
8264,books-8264,books,26.11,349
8265,home-8265,home,71.86,28
8266,toys-8266,toys,68.14,197
8267,food-8267,food,6.75,218
8268,electronics-8268,electronics,62.91,23
8269,clothing-8269,clothing,28.45,149
8270,books-8270,books,40.01,466
8271,home-8271,home,90.33,192
8272,toys-8272,toys,80.77,26
8273,food-8273,food,33.87,469
8274,electronics-8274,electronics,2.69,490
8275,clothing-8275,clothing,84.58,460
8276,books-8276,books,53.76,479
8277,home-8277,home,57.96,249
8278,toys-8278,toys,4.36,98
8279,food-8279,food,44.63,200
8280,electronics-8280,electronics,9.88,371
8281,clothing-8281,clothing,45.60,245
8282,books-8282,books,78.93,316
8283,home-8283,home,16.34,465
8284,toys-8284,toys,85.76,252
8285,food-8285,food,67.74,302
8286,electronics-8286,electronics,36.79,382
8287,clothing-8287,clothing,17.96,45
8288,books-8288,books,28.36,466
8289,home-8289,home,75.47,199
8290,toys-8290,toys,4.33,214
8291,food-8291,food,48.04,456
8292,electronics-8292,electronics,14.13,86
8293,clothing-8293,clothing,32.58,21
8294,books-8294,books,72.29,47
8295,home-8295,home,90.18,34
8296,toys-8296,toys,78.42,34
8297,food-8297,food,9.39,279
8298,electronics-8298,electronics,65.70,494
8299,clothing-8299,clothing,42.80,264
8300,books-8300,books,33.61,145
8301,home-8301,home,64.53,477
8302,toys-8302,toys,63.44,315
8303,food-8303,food,28.26,479
8304,electronics-8304,electronics,1.73,414
8305,clothing-8305,clothing,88.91,312
8306,books-8306,books,74.28,226
8307,home-8307,home,32.92,271
8308,toys-8308,toys,59.47,382
8309,food-8309,food,24.93,74
8310,electronics-8310,electronics,4.23,396
8311,clothing-8311,clothing,70.53,332
8312,books-8312,books,97.01,179
8313,home-8313,home,10.35,413
8314,toys-8314,toys,60.68,296
8315,food-8315,food,84.46,40
8316,electronics-8316,electronics,4.34,265
8317,clothing-8317,clothing,53.64,264
8318,books-8318,books,49.11,439
8319,home-8319,home,94.64,66
8320,toys-8320,toys,9.33,15
8321,food-8321,food,89.31,90
8322,electronics-8322,electronics,41.60,237
8323,clothing-8323,clothing,49.41,342
8324,books-8324,books,97.25,189
8325,home-8325,home,3.41,23
8326,toys-8326,toys,74.42,147
8327,food-8327,food,80.05,370
8328,electronics-8328,electronics,10.48,41
8329,clothing-8329,clothing,2.27,497
8330,books-8330,books,34.23,287
8331,home-8331,home,51.48,369
8332,toys-8332,toys,42.39,157
8333,food-8333,food,97.12,344
8334,electronics-8334,electronics,78.69,121
8335,clothing-8335,clothing,21.89,375
8336,books-8336,books,37.11,170
8337,home-8337,home,89.72,89
8338,toys-8338,toys,3.73,365
8339,food-8339,food,93.93,333
8340,electronics-8340,electronics,8.09,494
8341,clothing-8341,clothing,26.60,69
8342,books-8342,books,98.75,306
8343,home-8343,home,39.88,361
8344,toys-8344,toys,47.24,142
8345,food-8345,food,20.91,349
8346,electronics-8346,electronics,88.23,171
8347,clothing-8347,clothing,44.66,61
8348,books-8348,books,67.86,168
8349,home-8349,home,48.01,345
8350,toys-8350,toys,86.59,397
8351,food-8351,food,81.13,155
8352,electronics-8352,electronics,86.49,353
8353,clothing-8353,clothing,64.39,354
8354,books-8354,books,87.49,475
8355,home-8355,home,86.39,65
8356,toys-8356,toys,65.26,141
8357,food-8357,food,6.03,381
8358,electronics-8358,electronics,25.39,100
8359,clothing-8359,clothing,38.38,306
8360,books-8360,books,0.78,80
8361,home-8361,home,72.55,176
8362,toys-8362,toys,4.44,404
8363,food-8363,food,32.12,299
8364,electronics-8364,electronics,85.01,227
8365,clothing-8365,clothing,97.70,130
8366,books-8366,books,98.46,291
8367,home-8367,home,9.03,275
8368,toys-8368,toys,97.78,316
8369,food-8369,food,87.03,125
8370,electronics-8370,electronics,45.27,230
8371,clothing-8371,clothing,92.08,60
8372,books-8372,books,90.81,135
8373,home-8373,home,30.24,142
8374,toys-8374,toys,1.86,403
8375,food-8375,food,32.98,475
8376,electronics-8376,electronics,7.33,177
8377,clothing-8377,clothing,54.38,182
8378,books-8378,books,32.12,408
8379,home-8379,home,98.56,232
8380,toys-8380,toys,79.69,293
8381,food-8381,food,89.10,133
8382,electronics-8382,electronics,61.37,257
8383,clothing-8383,clothing,31.98,232
8384,books-8384,books,96.27,491
8385,home-8385,home,55.83,469
8386,toys-8386,toys,75.26,262
8387,food-8387,food,7.04,243
8388,electronics-8388,electronics,71.66,475
8389,clothing-8389,clothing,85.79,233
8390,books-8390,books,12.64,22
8391,home-8391,home,59.70,242
8392,toys-8392,toys,93.49,366
8393,food-8393,food,89.85,231
8394,electronics-8394,electronics,47.90,247
8395,clothing-8395,clothing,59.80,314
8396,books-8396,books,7.40,256
8397,home-8397,home,66.32,57
8398,toys-8398,toys,75.24,282
8399,food-8399,food,43.17,196
8400,electronics-8400,electronics,64.30,50
8401,clothing-8401,clothing,58.40,225
8402,books-8402,books,90.31,394
8403,home-8403,home,43.00,321
8404,toys-8404,toys,32.65,222
8405,food-8405,food,57.84,496
8406,electronics-8406,electronics,36.77,197
8407,clothing-8407,clothing,34.74,337
8408,books-8408,books,24.89,31
8409,home-8409,home,52.72,99
8410,toys-8410,toys,82.06,56
8411,food-8411,food,64.43,467
8412,electronics-8412,electronics,61.76,14
8413,clothing-8413,clothing,32.54,130
8414,books-8414,books,58.64,132
8415,home-8415,home,56.35,267
8416,toys-8416,toys,23.14,220
8417,food-8417,food,91.02,417
8418,electronics-8418,electronics,48.57,137
8419,clothing-8419,clothing,66.15,301
8420,books-8420,books,60.88,338
8421,home-8421,home,90.08,433
8422,toys-8422,toys,60.24,352
8423,food-8423,food,18.87,374
8424,electronics-8424,electronics,26.85,102
8425,clothing-8425,clothing,87.43,340
8426,books-8426,books,63.50,434
8427,home-8427,home,34.48,130
8428,toys-8428,toys,50.27,294
8429,food-8429,food,52.44,421
8430,electronics-8430,electronics,10.30,269
8431,clothing-8431,clothing,58.66,140
8432,books-8432,books,60.90,107
8433,home-8433,home,78.11,331
8434,toys-8434,toys,24.45,168
8435,food-8435,food,66.97,383
8436,electronics-8436,electronics,89.52,259
8437,clothing-8437,clothing,36.61,127
8438,books-8438,books,56.34,344
8439,home-8439,home,35.91,446
8440,toys-8440,toys,23.78,62
8441,food-8441,food,52.66,68
8442,electronics-8442,electronics,52.04,320
8443,clothing-8443,clothing,58.55,350
8444,books-8444,books,37.56,85
8445,home-8445,home,65.53,489
8446,toys-8446,toys,82.67,42
8447,food-8447,food,61.76,61
8448,electronics-8448,electronics,51.59,343
8449,clothing-8449,clothing,48.31,199
8450,books-8450,books,4.37,199
8451,home-8451,home,43.20,392
8452,toys-8452,toys,96.47,399
8453,food-8453,food,11.94,132
8454,electronics-8454,electronics,90.11,206
8455,clothing-8455,clothing,56.39,357
8456,books-8456,books,77.39,304
8457,home-8457,home,59.52,344
8458,toys-8458,toys,99.11,64
8459,food-8459,food,8.45,406
8460,electronics-8460,electronics,69.99,405
8461,clothing-8461,clothing,1.80,359
8462,books-8462,books,13.02,325
8463,home-8463,home,76.79,191
8464,toys-8464,toys,36.90,148
8465,food-8465,food,82.80,431
8466,electronics-8466,electronics,58.00,36
8467,clothing-8467,clothing,66.02,348
8468,books-8468,books,33.73,253
8469,home-8469,home,59.45,360
8470,toys-8470,toys,72.34,129
8471,food-8471,food,17.00,463
8472,electronics-8472,electronics,87.78,77
8473,clothing-8473,clothing,91.69,493
8474,books-8474,books,0.82,365
8475,home-8475,home,94.07,109
8476,toys-8476,toys,41.00,430
8477,food-8477,food,64.09,138
8478,electronics-8478,electronics,21.11,308
8479,clothing-8479,clothing,56.47,475
8480,books-8480,books,68.92,78
8481,home-8481,home,57.37,454
8482,toys-8482,toys,28.80,1
8483,food-8483,food,12.27,15
8484,electronics-8484,electronics,20.33,466
8485,clothing-8485,clothing,24.05,449
8486,books-8486,books,0.78,483
8487,home-8487,home,13.42,373
8488,toys-8488,toys,82.70,143
8489,food-8489,food,19.71,55
8490,electronics-8490,electronics,28.27,205
8491,clothing-8491,clothing,16.29,205
8492,books-8492,books,99.93,407
8493,home-8493,home,0.20,360
8494,toys-8494,toys,72.93,309
8495,food-8495,food,38.82,370
8496,electronics-8496,electronics,85.24,19
8497,clothing-8497,clothing,86.35,127
8498,books-8498,books,27.72,197
8499,home-8499,home,35.23,161
8500,toys-8500,toys,79.22,71
8501,food-8501,food,66.39,242
8502,electronics-8502,electronics,10.53,254
8503,clothing-8503,clothing,4.17,436
8504,books-8504,books,91.65,199
8505,home-8505,home,12.84,450
8506,toys-8506,toys,41.31,173
8507,food-8507,food,72.43,416
8508,electronics-8508,electronics,67.70,33
8509,clothing-8509,clothing,7.38,265
8510,books-8510,books,88.82,91
8511,home-8511,home,95.71,117
8512,toys-8512,toys,43.51,217
8513,food-8513,food,58.82,308
8514,electronics-8514,electronics,12.91,28
8515,clothing-8515,clothing,11.91,124
8516,books-8516,books,49.35,465
8517,home-8517,home,45.18,366
8518,toys-8518,toys,54.43,213
8519,food-8519,food,11.79,345
8520,electronics-8520,electronics,11.23,425
8521,clothing-8521,clothing,64.79,305
8522,books-8522,books,90.38,204
8523,home-8523,home,42.58,244
8524,toys-8524,toys,85.56,329
8525,food-8525,food,14.03,253
8526,electronics-8526,electronics,73.38,128
8527,clothing-8527,clothing,66.41,195
8528,books-8528,books,34.58,475
8529,home-8529,home,90.33,39
8530,toys-8530,toys,53.93,255
8531,food-8531,food,67.20,374
8532,electronics-8532,electronics,51.72,423
8533,clothing-8533,clothing,75.34,141
8534,books-8534,books,64.15,326
8535,home-8535,home,24.28,18
8536,toys-8536,toys,66.51,499
8537,food-8537,food,41.96,361
8538,electronics-8538,electronics,61.16,393
8539,clothing-8539,clothing,25.70,484
8540,books-8540,books,0.52,390
8541,home-8541,home,20.85,60
8542,toys-8542,toys,2.37,362
8543,food-8543,food,90.89,145
8544,electronics-8544,electronics,49.42,398
8545,clothing-8545,clothing,39.03,19
8546,books-8546,books,92.59,123
8547,home-8547,home,55.57,6
8548,toys-8548,toys,95.13,23
8549,food-8549,food,17.92,302
8550,electronics-8550,electronics,75.44,480
8551,clothing-8551,clothing,28.34,133
8552,books-8552,books,45.43,33
8553,home-8553,home,4.99,252
8554,toys-8554,toys,61.87,79
8555,food-8555,food,85.04,3
8556,electronics-8556,electronics,78.51,292
8557,clothing-8557,clothing,68.06,290
8558,books-8558,books,80.29,158
8559,home-8559,home,89.69,362
8560,toys-8560,toys,53.17,195
8561,food-8561,food,82.59,293
8562,electronics-8562,electronics,58.21,8
8563,clothing-8563,clothing,60.20,360
8564,books-8564,books,28.11,443
8565,home-8565,home,56.64,260
8566,toys-8566,toys,76.48,100
8567,food-8567,food,7.93,284
8568,electronics-8568,electronics,6.74,133
8569,clothing-8569,clothing,68.89,80
8570,books-8570,books,54.15,395
8571,home-8571,home,31.61,241
8572,toys-8572,toys,75.92,305
8573,food-8573,food,96.83,254
8574,electronics-8574,electronics,91.42,345
8575,clothing-8575,clothing,32.24,484
8576,books-8576,books,13.45,430
8577,home-8577,home,66.18,80
8578,toys-8578,toys,54.72,252
8579,food-8579,food,60.91,169
8580,electronics-8580,electronics,7.25,282
8581,clothing-8581,clothing,37.75,104
8582,books-8582,books,1.98,411
8583,home-8583,home,75.65,11
8584,toys-8584,toys,89.92,375
8585,food-8585,food,18.70,403
8586,electronics-8586,electronics,47.24,218
8587,clothing-8587,clothing,32.78,323
8588,books-8588,books,31.07,380
8589,home-8589,home,38.21,237
8590,toys-8590,toys,59.08,447
8591,food-8591,food,35.25,7
8592,electronics-8592,electronics,20.75,31
8593,clothing-8593,clothing,87.47,439
8594,books-8594,books,18.74,448
8595,home-8595,home,21.61,454
8596,toys-8596,toys,55.39,77
8597,food-8597,food,74.61,444
8598,electronics-8598,electronics,67.41,216
8599,clothing-8599,clothing,17.57,147
8600,books-8600,books,98.35,406
8601,home-8601,home,3.46,143
8602,toys-8602,toys,55.87,297
8603,food-8603,food,13.79,92
8604,electronics-8604,electronics,70.03,490
8605,clothing-8605,clothing,66.03,151
8606,books-8606,books,8.31,173
8607,home-8607,home,5.79,162
8608,toys-8608,toys,38.24,372
8609,food-8609,food,63.42,330
8610,electronics-8610,electronics,53.28,82
8611,clothing-8611,clothing,97.79,154
8612,books-8612,books,41.04,448
8613,home-8613,home,73.06,170
8614,toys-8614,toys,26.45,23
8615,food-8615,food,7.20,349
8616,electronics-8616,electronics,91.15,4
8617,clothing-8617,clothing,66.74,204
8618,books-8618,books,30.34,124
8619,home-8619,home,62.46,269
8620,toys-8620,toys,23.68,409
8621,food-8621,food,61.11,284
8622,electronics-8622,electronics,20.17,362
8623,clothing-8623,clothing,76.99,207
8624,books-8624,books,47.76,358
8625,home-8625,home,99.69,164
8626,toys-8626,toys,68.52,0
8627,food-8627,food,89.52,64
8628,electronics-8628,electronics,66.57,338
8629,clothing-8629,clothing,33.37,160
8630,books-8630,books,81.01,199
8631,home-8631,home,43.11,372
8632,toys-8632,toys,14.32,499
8633,food-8633,food,27.23,330
8634,electronics-8634,electronics,90.34,25
8635,clothing-8635,clothing,61.19,165
8636,books-8636,books,29.09,403
8637,home-8637,home,70.94,390
8638,toys-8638,toys,40.33,461
8639,food-8639,food,87.25,234
8640,electronics-8640,electronics,47.96,335
8641,clothing-8641,clothing,94.97,154
8642,books-8642,books,9.02,402
8643,home-8643,home,47.84,132
8644,toys-8644,toys,57.53,194
8645,food-8645,food,85.33,145
8646,electronics-8646,electronics,59.79,233
8647,clothing-8647,clothing,72.28,467
8648,books-8648,books,83.15,51
8649,home-8649,home,68.25,151
8650,toys-8650,toys,21.20,266
8651,food-8651,food,58.78,47
8652,electronics-8652,electronics,64.66,285
8653,clothing-8653,clothing,64.82,17
8654,books-8654,books,70.30,248
8655,home-8655,home,92.48,308
8656,toys-8656,toys,64.52,356
8657,food-8657,food,48.61,142
8658,electronics-8658,electronics,76.34,37
8659,clothing-8659,clothing,5.89,139
8660,books-8660,books,60.53,179
8661,home-8661,home,29.77,135
8662,toys-8662,toys,50.90,106
8663,food-8663,food,48.33,434
8664,electronics-8664,electronics,84.13,162
8665,clothing-8665,clothing,81.58,204
8666,books-8666,books,83.44,298
8667,home-8667,home,20.96,98
8668,toys-8668,toys,76.91,408
8669,food-8669,food,81.72,385
8670,electronics-8670,electronics,88.56,287
8671,clothing-8671,clothing,55.15,402
8672,books-8672,books,34.67,274
8673,home-8673,home,98.04,299
8674,toys-8674,toys,52.26,446
8675,food-8675,food,36.41,263
8676,electronics-8676,electronics,7.77,101
8677,clothing-8677,clothing,74.00,488
8678,books-8678,books,54.57,156
8679,home-8679,home,39.34,225
8680,toys-8680,toys,87.78,369
8681,food-8681,food,80.34,379
8682,electronics-8682,electronics,45.04,497
8683,clothing-8683,clothing,40.38,380
8684,books-8684,books,80.09,85
8685,home-8685,home,61.05,337
8686,toys-8686,toys,39.64,262
8687,food-8687,food,11.46,91
8688,electronics-8688,electronics,34.13,348
8689,clothing-8689,clothing,3.41,426
8690,books-8690,books,71.04,242
8691,home-8691,home,33.90,132
8692,toys-8692,toys,3.29,289
8693,food-8693,food,14.20,368
8694,electronics-8694,electronics,45.01,318
8695,clothing-8695,clothing,71.40,93
8696,books-8696,books,5.35,217
8697,home-8697,home,87.87,314
8698,toys-8698,toys,9.10,245
8699,food-8699,food,27.13,59
8700,electronics-8700,electronics,45.48,85
8701,clothing-8701,clothing,5.09,183
8702,books-8702,books,71.90,110
8703,home-8703,home,25.16,372
8704,toys-8704,toys,68.94,490
8705,food-8705,food,26.10,66
8706,electronics-8706,electronics,55.81,8
8707,clothing-8707,clothing,51.53,424
8708,books-8708,books,31.48,242
8709,home-8709,home,72.43,49
8710,toys-8710,toys,45.90,66
8711,food-8711,food,17.99,405
8712,electronics-8712,electronics,43.12,210
8713,clothing-8713,clothing,5.02,462
8714,books-8714,books,40.67,133
8715,home-8715,home,75.84,388
8716,toys-8716,toys,98.56,411
8717,food-8717,food,79.40,443
8718,electronics-8718,electronics,2.18,205
8719,clothing-8719,clothing,74.65,490
8720,books-8720,books,45.41,186
8721,home-8721,home,63.03,48
8722,toys-8722,toys,70.41,430
8723,food-8723,food,70.04,472
8724,electronics-8724,electronics,43.80,407
8725,clothing-8725,clothing,5.02,308
8726,books-8726,books,64.41,138
8727,home-8727,home,14.53,5
8728,toys-8728,toys,89.04,85
8729,food-8729,food,48.65,307
8730,electronics-8730,electronics,89.13,49
8731,clothing-8731,clothing,37.98,456
8732,books-8732,books,77.47,408
8733,home-8733,home,2.46,174
8734,toys-8734,toys,94.09,182
8735,food-8735,food,46.03,457
8736,electronics-8736,electronics,86.67,64
8737,clothing-8737,clothing,86.49,436
8738,books-8738,books,97.16,479
8739,home-8739,home,70.09,483
8740,toys-8740,toys,97.03,474
8741,food-8741,food,95.97,312
8742,electronics-8742,electronics,57.56,140
8743,clothing-8743,clothing,47.79,52
8744,books-8744,books,40.67,338
8745,home-8745,home,25.58,212
8746,toys-8746,toys,82.86,226
8747,food-8747,food,24.52,128
8748,electronics-8748,electronics,34.43,227
8749,clothing-8749,clothing,57.77,360
8750,books-8750,books,22.46,171
8751,home-8751,home,28.98,217
8752,toys-8752,toys,17.27,209
8753,food-8753,food,29.18,89
8754,electronics-8754,electronics,1.52,253
8755,clothing-8755,clothing,20.29,224
8756,books-8756,books,6.89,83
8757,home-8757,home,95.31,420
8758,toys-8758,toys,90.17,257
8759,food-8759,food,68.85,4
8760,electronics-8760,electronics,39.89,325
8761,clothing-8761,clothing,10.67,385
8762,books-8762,books,49.42,86
8763,home-8763,home,87.15,348
8764,toys-8764,toys,15.58,246
8765,food-8765,food,39.14,114
8766,electronics-8766,electronics,46.58,129
8767,clothing-8767,clothing,57.06,451
8768,books-8768,books,79.93,312
8769,home-8769,home,87.44,30
8770,toys-8770,toys,90.63,189
8771,food-8771,food,32.92,179
8772,electronics-8772,electronics,37.59,349
8773,clothing-8773,clothing,63.04,322
8774,books-8774,books,34.72,99
8775,home-8775,home,5.04,43
8776,toys-8776,toys,66.54,367
8777,food-8777,food,30.10,62
8778,electronics-8778,electronics,82.52,352
8779,clothing-8779,clothing,13.18,428
8780,books-8780,books,2.19,13
8781,home-8781,home,76.94,121
8782,toys-8782,toys,48.60,171
8783,food-8783,food,62.85,79
8784,electronics-8784,electronics,53.30,354
8785,clothing-8785,clothing,76.57,37
8786,books-8786,books,59.15,125
8787,home-8787,home,99.40,61
8788,toys-8788,toys,69.17,321
8789,food-8789,food,82.96,401
8790,electronics-8790,electronics,48.05,156
8791,clothing-8791,clothing,42.48,303
8792,books-8792,books,50.56,372
8793,home-8793,home,45.23,264
8794,toys-8794,toys,40.60,253
8795,food-8795,food,24.20,442
8796,electronics-8796,electronics,52.18,222
8797,clothing-8797,clothing,17.96,485
8798,books-8798,books,10.83,318
8799,home-8799,home,88.70,215
8800,toys-8800,toys,35.33,16
8801,food-8801,food,19.50,302
8802,electronics-8802,electronics,34.17,88
8803,clothing-8803,clothing,72.00,453
8804,books-8804,books,82.63,415
8805,home-8805,home,59.06,265
8806,toys-8806,toys,48.64,1
8807,food-8807,food,39.04,112
8808,electronics-8808,electronics,94.14,484
8809,clothing-8809,clothing,37.33,454
8810,books-8810,books,41.85,34
8811,home-8811,home,2.41,461
8812,toys-8812,toys,94.30,68
8813,food-8813,food,7.01,353
8814,electronics-8814,electronics,58.03,497
8815,clothing-8815,clothing,2.70,138
8816,books-8816,books,51.64,224
8817,home-8817,home,96.06,51
8818,toys-8818,toys,29.30,265
8819,food-8819,food,53.69,12
8820,electronics-8820,electronics,51.34,79
8821,clothing-8821,clothing,47.53,330
8822,books-8822,books,91.29,449
8823,home-8823,home,38.45,100
8824,toys-8824,toys,58.29,27
8825,food-8825,food,79.19,275
8826,electronics-8826,electronics,43.41,405
8827,clothing-8827,clothing,90.26,159
8828,books-8828,books,76.30,95
8829,home-8829,home,41.52,87
8830,toys-8830,toys,64.46,144
8831,food-8831,food,43.35,103
8832,electronics-8832,electronics,47.16,297
8833,clothing-8833,clothing,51.56,398
8834,books-8834,books,91.36,131
8835,home-8835,home,28.83,259
8836,toys-8836,toys,58.25,398
8837,food-8837,food,14.04,320
8838,electronics-8838,electronics,74.31,195
8839,clothing-8839,clothing,45.62,202
8840,books-8840,books,40.81,144
8841,home-8841,home,9.47,406
8842,toys-8842,toys,94.38,281
8843,food-8843,food,24.05,474
8844,electronics-8844,electronics,96.66,198
8845,clothing-8845,clothing,27.74,14
8846,books-8846,books,66.75,177
8847,home-8847,home,46.91,272
8848,toys-8848,toys,41.88,334
8849,food-8849,food,44.75,459
8850,electronics-8850,electronics,92.90,119
8851,clothing-8851,clothing,54.38,425
8852,books-8852,books,15.05,457
8853,home-8853,home,76.06,163
8854,toys-8854,toys,99.99,285
8855,food-8855,food,0.41,58
8856,electronics-8856,electronics,52.15,351
8857,clothing-8857,clothing,71.68,396
8858,books-8858,books,37.06,67
8859,home-8859,home,35.35,292
8860,toys-8860,toys,89.20,162
8861,food-8861,food,36.50,329
8862,electronics-8862,electronics,3.28,369
8863,clothing-8863,clothing,57.82,418
8864,books-8864,books,73.75,29
8865,home-8865,home,71.29,220
8866,toys-8866,toys,25.40,239
8867,food-8867,food,78.59,266
8868,electronics-8868,electronics,42.43,272
8869,clothing-8869,clothing,43.24,72
8870,books-8870,books,55.12,384
8871,home-8871,home,84.57,477
8872,toys-8872,toys,83.75,14
8873,food-8873,food,72.38,177
8874,electronics-8874,electronics,61.16,206
8875,clothing-8875,clothing,76.50,428
8876,books-8876,books,96.45,426
8877,home-8877,home,72.63,273
8878,toys-8878,toys,3.87,277
8879,food-8879,food,8.55,257
8880,electronics-8880,electronics,52.31,442
8881,clothing-8881,clothing,41.21,278
8882,books-8882,books,90.79,61
8883,home-8883,home,81.99,111
8884,toys-8884,toys,10.99,70
8885,food-8885,food,69.72,5
8886,electronics-8886,electronics,19.24,263
8887,clothing-8887,clothing,73.72,355
8888,books-8888,books,53.56,459
8889,home-8889,home,15.87,442
8890,toys-8890,toys,76.47,358
8891,food-8891,food,87.35,470
8892,electronics-8892,electronics,65.99,17
8893,clothing-8893,clothing,92.93,282
8894,books-8894,books,83.52,429
8895,home-8895,home,93.55,436
8896,toys-8896,toys,11.85,20
8897,food-8897,food,46.37,152
8898,electronics-8898,electronics,13.52,316
8899,clothing-8899,clothing,63.98,219
8900,books-8900,books,46.11,410
8901,home-8901,home,80.45,478
8902,toys-8902,toys,33.00,384
8903,food-8903,food,8.19,149
8904,electronics-8904,electronics,45.45,295
8905,clothing-8905,clothing,77.27,317
8906,books-8906,books,62.94,170
8907,home-8907,home,10.05,384
8908,toys-8908,toys,74.49,197
8909,food-8909,food,65.01,203
8910,electronics-8910,electronics,44.72,391
8911,clothing-8911,clothing,18.88,231
8912,books-8912,books,89.37,365
8913,home-8913,home,32.74,87
8914,toys-8914,toys,23.26,195
8915,food-8915,food,65.98,255
8916,electronics-8916,electronics,10.45,154
8917,clothing-8917,clothing,19.30,159
8918,books-8918,books,35.83,335
8919,home-8919,home,14.28,457
8920,toys-8920,toys,62.30,462
8921,food-8921,food,80.65,414
8922,electronics-8922,electronics,77.25,146
8923,clothing-8923,clothing,68.49,102
8924,books-8924,books,79.43,153
8925,home-8925,home,43.45,398
8926,toys-8926,toys,19.88,279
8927,food-8927,food,88.84,168
8928,electronics-8928,electronics,67.42,201
8929,clothing-8929,clothing,18.12,109
8930,books-8930,books,69.08,29
8931,home-8931,home,44.75,454
8932,toys-8932,toys,48.14,416
8933,food-8933,food,1.09,120
8934,electronics-8934,electronics,87.77,437
8935,clothing-8935,clothing,94.23,278
8936,books-8936,books,99.03,173
8937,home-8937,home,67.07,221
8938,toys-8938,toys,76.43,427
8939,food-8939,food,25.41,358
8940,electronics-8940,electronics,91.71,64
8941,clothing-8941,clothing,92.90,214
8942,books-8942,books,84.55,316
8943,home-8943,home,88.51,497
8944,toys-8944,toys,55.51,493
8945,food-8945,food,46.50,397
8946,electronics-8946,electronics,0.48,231
8947,clothing-8947,clothing,70.94,71
8948,books-8948,books,10.12,390
8949,home-8949,home,22.93,249
8950,toys-8950,toys,8.57,276
8951,food-8951,food,2.47,313
8952,electronics-8952,electronics,46.98,18
8953,clothing-8953,clothing,89.82,253
8954,books-8954,books,93.68,369
8955,home-8955,home,8.54,100
8956,toys-8956,toys,86.95,35
8957,food-8957,food,15.43,417
8958,electronics-8958,electronics,21.67,235
8959,clothing-8959,clothing,87.13,198
8960,books-8960,books,26.39,423
8961,home-8961,home,78.88,489
8962,toys-8962,toys,16.40,184
8963,food-8963,food,60.76,366
8964,electronics-8964,electronics,82.40,360
8965,clothing-8965,clothing,17.04,7
8966,books-8966,books,26.98,152
8967,home-8967,home,76.35,471
8968,toys-8968,toys,48.43,313
8969,food-8969,food,99.55,157
8970,electronics-8970,electronics,19.64,190
8971,clothing-8971,clothing,69.91,398
8972,books-8972,books,6.55,403
8973,home-8973,home,63.95,465
8974,toys-8974,toys,42.03,274
8975,food-8975,food,51.55,304
8976,electronics-8976,electronics,73.74,4
8977,clothing-8977,clothing,1.63,457
8978,books-8978,books,53.08,451
8979,home-8979,home,79.94,250
8980,toys-8980,toys,6.42,375
8981,food-8981,food,38.19,406
8982,electronics-8982,electronics,2.05,265
8983,clothing-8983,clothing,11.94,363
8984,books-8984,books,59.58,498
8985,home-8985,home,85.66,44
8986,toys-8986,toys,64.33,235
8987,food-8987,food,45.74,471
8988,electronics-8988,electronics,55.34,334
8989,clothing-8989,clothing,17.57,359
8990,books-8990,books,41.28,306
8991,home-8991,home,38.83,289
8992,toys-8992,toys,87.19,214
8993,food-8993,food,61.30,48
8994,electronics-8994,electronics,87.18,488
8995,clothing-8995,clothing,87.00,329
8996,books-8996,books,7.84,413
8997,home-8997,home,51.16,242
8998,toys-8998,toys,39.06,444
8999,food-8999,food,11.60,457
9000,electronics-9000,electronics,43.53,37
9001,clothing-9001,clothing,83.23,375
9002,books-9002,books,98.29,175
9003,home-9003,home,19.44,424
9004,toys-9004,toys,21.25,60
9005,food-9005,food,26.23,361
9006,electronics-9006,electronics,39.95,329
9007,clothing-9007,clothing,10.35,428
9008,books-9008,books,35.03,256
9009,home-9009,home,11.92,192
9010,toys-9010,toys,93.75,490
9011,food-9011,food,27.34,108
9012,electronics-9012,electronics,53.90,239
9013,clothing-9013,clothing,82.51,368
9014,books-9014,books,59.57,442
9015,home-9015,home,99.75,318
9016,toys-9016,toys,53.25,2
9017,food-9017,food,15.32,231
9018,electronics-9018,electronics,82.78,304
9019,clothing-9019,clothing,31.53,473
9020,books-9020,books,40.36,218
9021,home-9021,home,96.34,393
9022,toys-9022,toys,27.21,78
9023,food-9023,food,96.16,132
9024,electronics-9024,electronics,66.85,166
9025,clothing-9025,clothing,93.82,435
9026,books-9026,books,91.17,423
9027,home-9027,home,37.23,16
9028,toys-9028,toys,3.86,130
9029,food-9029,food,16.79,491
9030,electronics-9030,electronics,6.02,413
9031,clothing-9031,clothing,23.36,416
9032,books-9032,books,95.27,34
9033,home-9033,home,54.02,349
9034,toys-9034,toys,80.24,318
9035,food-9035,food,77.50,135
9036,electronics-9036,electronics,16.80,377
9037,clothing-9037,clothing,65.47,248
9038,books-9038,books,1.59,406
9039,home-9039,home,91.76,380
9040,toys-9040,toys,37.65,390
9041,food-9041,food,8.25,254
9042,electronics-9042,electronics,16.07,364
9043,clothing-9043,clothing,52.30,163
9044,books-9044,books,3.23,150
9045,home-9045,home,50.53,366
9046,toys-9046,toys,54.10,364
9047,food-9047,food,93.47,77
9048,electronics-9048,electronics,2.13,219
9049,clothing-9049,clothing,70.46,459
9050,books-9050,books,18.42,21
9051,home-9051,home,0.88,108
9052,toys-9052,toys,65.61,489
9053,food-9053,food,26.90,26
9054,electronics-9054,electronics,26.71,270
9055,clothing-9055,clothing,44.10,164
9056,books-9056,books,66.89,184
9057,home-9057,home,98.97,77
9058,toys-9058,toys,92.30,42
9059,food-9059,food,91.08,430
9060,electronics-9060,electronics,1.83,189
9061,clothing-9061,clothing,48.79,316
9062,books-9062,books,15.27,437
9063,home-9063,home,46.89,481
9064,toys-9064,toys,37.54,393
9065,food-9065,food,91.12,266
9066,electronics-9066,electronics,11.14,112
9067,clothing-9067,clothing,19.38,316
9068,books-9068,books,75.18,64
9069,home-9069,home,89.48,217
9070,toys-9070,toys,67.24,179
9071,food-9071,food,98.20,365
9072,electronics-9072,electronics,81.61,148
9073,clothing-9073,clothing,85.98,289
9074,books-9074,books,17.37,117
9075,home-9075,home,87.36,479
9076,toys-9076,toys,79.40,272
9077,food-9077,food,9.15,58
9078,electronics-9078,electronics,73.51,371
9079,clothing-9079,clothing,97.61,466
9080,books-9080,books,64.02,466
9081,home-9081,home,64.71,178
9082,toys-9082,toys,23.05,216
9083,food-9083,food,50.12,367
9084,electronics-9084,electronics,15.58,124
9085,clothing-9085,clothing,10.67,193
9086,books-9086,books,32.61,218
9087,home-9087,home,18.49,7
9088,toys-9088,toys,27.31,301
9089,food-9089,food,0.40,388
9090,electronics-9090,electronics,36.11,131
9091,clothing-9091,clothing,3.57,494
9092,books-9092,books,42.90,192
9093,home-9093,home,7.93,250
9094,toys-9094,toys,13.29,345
9095,food-9095,food,51.17,383
9096,electronics-9096,electronics,54.81,72
9097,clothing-9097,clothing,79.38,304
9098,books-9098,books,59.69,92
9099,home-9099,home,11.95,353
9100,toys-9100,toys,45.27,461
9101,food-9101,food,22.70,15
9102,electronics-9102,electronics,57.00,217
9103,clothing-9103,clothing,95.76,438
9104,books-9104,books,2.10,485
9105,home-9105,home,27.36,250
9106,toys-9106,toys,3.03,384
9107,food-9107,food,79.48,344
9108,electronics-9108,electronics,0.60,87
9109,clothing-9109,clothing,22.35,168
9110,books-9110,books,68.21,116
9111,home-9111,home,98.55,51
9112,toys-9112,toys,88.81,393
9113,food-9113,food,22.44,389
9114,electronics-9114,electronics,40.21,217
9115,clothing-9115,clothing,89.65,94
9116,books-9116,books,8.55,68
9117,home-9117,home,84.74,431
9118,toys-9118,toys,35.04,350
9119,food-9119,food,70.05,69
9120,electronics-9120,electronics,6.57,367
9121,clothing-9121,clothing,83.62,120
9122,books-9122,books,14.98,238
9123,home-9123,home,62.55,168
9124,toys-9124,toys,68.98,482
9125,food-9125,food,68.58,261
9126,electronics-9126,electronics,20.17,445
9127,clothing-9127,clothing,61.84,82
9128,books-9128,books,52.01,106
9129,home-9129,home,95.57,66
9130,toys-9130,toys,33.84,468
9131,food-9131,food,98.10,66
9132,electronics-9132,electronics,44.64,68
9133,clothing-9133,clothing,88.86,181
9134,books-9134,books,96.95,98
9135,home-9135,home,11.99,240
9136,toys-9136,toys,71.37,434
9137,food-9137,food,81.89,125
9138,electronics-9138,electronics,76.51,196
9139,clothing-9139,clothing,9.13,75
9140,books-9140,books,48.07,316
9141,home-9141,home,71.65,35
9142,toys-9142,toys,74.69,42
9143,food-9143,food,67.12,32
9144,electronics-9144,electronics,46.26,186
9145,clothing-9145,clothing,87.77,34
9146,books-9146,books,76.22,93
9147,home-9147,home,92.86,355
9148,toys-9148,toys,38.96,434
9149,food-9149,food,85.98,353
9150,electronics-9150,electronics,48.33,492
9151,clothing-9151,clothing,79.72,332
9152,books-9152,books,83.05,220
9153,home-9153,home,9.58,129
9154,toys-9154,toys,42.76,273
9155,food-9155,food,83.05,343
9156,electronics-9156,electronics,60.41,413
9157,clothing-9157,clothing,11.78,377
9158,books-9158,books,1.05,467
9159,home-9159,home,4.35,343
9160,toys-9160,toys,25.98,392
9161,food-9161,food,90.89,469
9162,electronics-9162,electronics,64.80,203
9163,clothing-9163,clothing,88.54,327
9164,books-9164,books,13.27,138
9165,home-9165,home,92.28,357
9166,toys-9166,toys,5.15,145
9167,food-9167,food,84.79,308
9168,electronics-9168,electronics,34.85,435
9169,clothing-9169,clothing,14.86,404
9170,books-9170,books,91.47,72
9171,home-9171,home,6.68,292
9172,toys-9172,toys,83.77,141
9173,food-9173,food,90.41,287
9174,electronics-9174,electronics,88.64,290
9175,clothing-9175,clothing,23.61,218
9176,books-9176,books,74.04,216
9177,home-9177,home,99.09,66
9178,toys-9178,toys,19.17,497
9179,food-9179,food,5.81,429
9180,electronics-9180,electronics,67.09,61
9181,clothing-9181,clothing,66.90,0
9182,books-9182,books,29.98,375
9183,home-9183,home,37.80,9
9184,toys-9184,toys,29.10,17
9185,food-9185,food,16.50,231
9186,electronics-9186,electronics,87.48,480
9187,clothing-9187,clothing,5.33,321
9188,books-9188,books,80.83,497
9189,home-9189,home,34.71,470
9190,toys-9190,toys,25.08,16
9191,food-9191,food,95.39,364
9192,electronics-9192,electronics,70.89,377
9193,clothing-9193,clothing,13.17,35
9194,books-9194,books,35.28,240
9195,home-9195,home,35.03,362
9196,toys-9196,toys,34.68,390
9197,food-9197,food,88.15,313
9198,electronics-9198,electronics,8.80,115
9199,clothing-9199,clothing,77.91,77
9200,books-9200,books,61.46,481
9201,home-9201,home,81.71,483
9202,toys-9202,toys,40.85,400
9203,food-9203,food,77.30,83
9204,electronics-9204,electronics,13.86,82
9205,clothing-9205,clothing,96.87,389
9206,books-9206,books,16.67,292
9207,home-9207,home,27.61,103
9208,toys-9208,toys,81.17,474
9209,food-9209,food,62.48,121
9210,electronics-9210,electronics,8.32,311
9211,clothing-9211,clothing,31.87,453
9212,books-9212,books,48.39,438
9213,home-9213,home,28.47,106
9214,toys-9214,toys,2.16,188
9215,food-9215,food,81.55,424
9216,electronics-9216,electronics,99.69,100
9217,clothing-9217,clothing,65.98,402
9218,books-9218,books,17.73,399
9219,home-9219,home,65.03,212
9220,toys-9220,toys,0.76,114
9221,food-9221,food,56.55,406
9222,electronics-9222,electronics,6.89,44
9223,clothing-9223,clothing,2.59,19
9224,books-9224,books,52.48,242
9225,home-9225,home,53.47,186
9226,toys-9226,toys,84.23,7
9227,food-9227,food,1.96,325
9228,electronics-9228,electronics,77.69,244
9229,clothing-9229,clothing,49.27,413
9230,books-9230,books,78.72,39
9231,home-9231,home,66.18,477
9232,toys-9232,toys,90.73,460
9233,food-9233,food,63.06,466
9234,electronics-9234,electronics,75.71,205
9235,clothing-9235,clothing,91.82,130
9236,books-9236,books,54.55,415
9237,home-9237,home,69.17,126
9238,toys-9238,toys,40.54,476
9239,food-9239,food,92.11,322
9240,electronics-9240,electronics,76.53,168
9241,clothing-9241,clothing,58.25,19
9242,books-9242,books,56.20,403
9243,home-9243,home,53.15,192
9244,toys-9244,toys,10.46,306
9245,food-9245,food,37.33,182
9246,electronics-9246,electronics,20.32,117
9247,clothing-9247,clothing,70.19,448
9248,books-9248,books,0.17,99
9249,home-9249,home,33.22,377
9250,toys-9250,toys,50.42,144
9251,food-9251,food,30.80,197
9252,electronics-9252,electronics,32.00,464
9253,clothing-9253,clothing,24.47,70
9254,books-9254,books,92.25,319
9255,home-9255,home,40.43,34
9256,toys-9256,toys,25.71,88
9257,food-9257,food,49.98,42
9258,electronics-9258,electronics,80.75,220
9259,clothing-9259,clothing,84.91,488
9260,books-9260,books,62.56,422
9261,home-9261,home,51.03,389
9262,toys-9262,toys,35.76,158
9263,food-9263,food,65.59,451
9264,electronics-9264,electronics,65.09,276
9265,clothing-9265,clothing,4.83,167
9266,books-9266,books,66.15,294
9267,home-9267,home,87.80,462
9268,toys-9268,toys,2.44,370
9269,food-9269,food,48.45,376
9270,electronics-9270,electronics,23.18,224
9271,clothing-9271,clothing,17.83,455
9272,books-9272,books,13.95,66
9273,home-9273,home,15.45,164
9274,toys-9274,toys,76.26,101
9275,food-9275,food,45.91,75
9276,electronics-9276,electronics,10.18,434
9277,clothing-9277,clothing,45.46,104
9278,books-9278,books,37.78,317
9279,home-9279,home,46.65,390
9280,toys-9280,toys,1.27,477
9281,food-9281,food,95.38,136
9282,electronics-9282,electronics,37.03,443
9283,clothing-9283,clothing,12.84,269
9284,books-9284,books,4.45,471
9285,home-9285,home,33.29,411
9286,toys-9286,toys,67.55,238
9287,food-9287,food,2.36,292
9288,electronics-9288,electronics,72.11,44
9289,clothing-9289,clothing,99.42,258
9290,books-9290,books,32.24,221
9291,home-9291,home,24.08,228
9292,toys-9292,toys,38.61,20
9293,food-9293,food,20.38,144
9294,electronics-9294,electronics,35.82,431
9295,clothing-9295,clothing,23.91,99
9296,books-9296,books,74.36,168
9297,home-9297,home,91.35,72
9298,toys-9298,toys,34.89,31
9299,food-9299,food,32.27,313
9300,electronics-9300,electronics,70.99,89
9301,clothing-9301,clothing,77.93,59
9302,books-9302,books,42.23,206
9303,home-9303,home,49.01,420
9304,toys-9304,toys,63.59,167
9305,food-9305,food,98.27,58
9306,electronics-9306,electronics,88.45,291
9307,clothing-9307,clothing,80.97,394
9308,books-9308,books,0.14,313
9309,home-9309,home,1.84,429
9310,toys-9310,toys,14.56,219
9311,food-9311,food,2.40,317
9312,electronics-9312,electronics,6.23,216
9313,clothing-9313,clothing,0.68,308
9314,books-9314,books,85.25,431
9315,home-9315,home,79.22,486
9316,toys-9316,toys,91.16,460
9317,food-9317,food,77.59,299
9318,electronics-9318,electronics,48.31,129
9319,clothing-9319,clothing,98.77,493
9320,books-9320,books,15.68,307
9321,home-9321,home,56.45,274
9322,toys-9322,toys,61.16,299
9323,food-9323,food,95.15,90
9324,electronics-9324,electronics,21.70,94
9325,clothing-9325,clothing,76.65,130
9326,books-9326,books,43.30,237
9327,home-9327,home,59.27,257
9328,toys-9328,toys,2.84,419
9329,food-9329,food,38.08,101
9330,electronics-9330,electronics,3.55,61
9331,clothing-9331,clothing,59.36,155
9332,books-9332,books,80.06,93
9333,home-9333,home,33.02,297
9334,toys-9334,toys,42.55,240
9335,food-9335,food,98.23,132
9336,electronics-9336,electronics,32.86,353
9337,clothing-9337,clothing,17.30,48
9338,books-9338,books,89.84,189
9339,home-9339,home,64.58,345
9340,toys-9340,toys,9.76,77
9341,food-9341,food,12.23,360
9342,electronics-9342,electronics,35.61,427
9343,clothing-9343,clothing,75.54,462
9344,books-9344,books,30.76,43
9345,home-9345,home,36.18,112
9346,toys-9346,toys,83.59,272
9347,food-9347,food,69.84,46
9348,electronics-9348,electronics,80.11,477
9349,clothing-9349,clothing,73.15,66
9350,books-9350,books,4.98,198
9351,home-9351,home,86.02,56
9352,toys-9352,toys,16.50,52
9353,food-9353,food,78.02,295
9354,electronics-9354,electronics,52.24,233
9355,clothing-9355,clothing,56.54,27
9356,books-9356,books,93.73,364
9357,home-9357,home,49.97,284
9358,toys-9358,toys,0.25,404
9359,food-9359,food,46.26,236
9360,electronics-9360,electronics,37.71,220
9361,clothing-9361,clothing,67.82,266
9362,books-9362,books,24.59,166
9363,home-9363,home,87.92,497
9364,toys-9364,toys,94.54,364
9365,food-9365,food,84.80,379
9366,electronics-9366,electronics,58.99,242
9367,clothing-9367,clothing,99.61,255
9368,books-9368,books,74.33,144
9369,home-9369,home,37.00,295
9370,toys-9370,toys,91.12,113
9371,food-9371,food,29.71,107
9372,electronics-9372,electronics,15.87,260
9373,clothing-9373,clothing,6.08,159
9374,books-9374,books,23.84,247
9375,home-9375,home,38.37,290
9376,toys-9376,toys,76.40,74
9377,food-9377,food,9.65,78
9378,electronics-9378,electronics,94.82,294
9379,clothing-9379,clothing,75.01,59
9380,books-9380,books,50.75,240
9381,home-9381,home,21.15,451
9382,toys-9382,toys,41.54,425
9383,food-9383,food,99.58,9
9384,electronics-9384,electronics,97.35,316
9385,clothing-9385,clothing,50.88,5
9386,books-9386,books,40.12,88
9387,home-9387,home,98.19,352
9388,toys-9388,toys,93.68,201
9389,food-9389,food,68.14,26
9390,electronics-9390,electronics,77.27,285
9391,clothing-9391,clothing,85.16,118
9392,books-9392,books,39.18,222
9393,home-9393,home,27.17,20
9394,toys-9394,toys,58.72,88
9395,food-9395,food,99.85,90
9396,electronics-9396,electronics,80.33,111
9397,clothing-9397,clothing,12.96,363
9398,books-9398,books,11.28,178
9399,home-9399,home,8.94,191
9400,toys-9400,toys,50.69,483
9401,food-9401,food,68.04,452
9402,electronics-9402,electronics,41.40,18
9403,clothing-9403,clothing,11.26,430
9404,books-9404,books,80.26,19
9405,home-9405,home,35.33,361
9406,toys-9406,toys,59.57,365
9407,food-9407,food,76.52,94
9408,electronics-9408,electronics,22.02,197
9409,clothing-9409,clothing,46.58,403
9410,books-9410,books,75.85,23
9411,home-9411,home,68.22,135
9412,toys-9412,toys,56.45,41
9413,food-9413,food,45.56,94
9414,electronics-9414,electronics,61.37,360
9415,clothing-9415,clothing,14.28,494
9416,books-9416,books,69.26,187
9417,home-9417,home,7.53,105
9418,toys-9418,toys,84.76,253
9419,food-9419,food,53.45,283
9420,electronics-9420,electronics,99.70,202
9421,clothing-9421,clothing,42.46,169
9422,books-9422,books,42.18,213
9423,home-9423,home,52.04,107
9424,toys-9424,toys,79.28,18
9425,food-9425,food,51.81,431
9426,electronics-9426,electronics,44.25,187
9427,clothing-9427,clothing,80.38,260
9428,books-9428,books,72.13,282
9429,home-9429,home,43.91,341
9430,toys-9430,toys,91.02,499
9431,food-9431,food,85.69,127
9432,electronics-9432,electronics,12.45,24
9433,clothing-9433,clothing,66.35,37
9434,books-9434,books,23.99,54
9435,home-9435,home,92.83,372
9436,toys-9436,toys,2.37,393
9437,food-9437,food,65.54,380
9438,electronics-9438,electronics,82.65,283
9439,clothing-9439,clothing,9.41,115
9440,books-9440,books,27.57,67
9441,home-9441,home,50.22,85
9442,toys-9442,toys,7.64,477
9443,food-9443,food,61.62,203
9444,electronics-9444,electronics,1.49,42
9445,clothing-9445,clothing,96.49,204
9446,books-9446,books,16.37,230
9447,home-9447,home,51.52,439
9448,toys-9448,toys,77.59,437
9449,food-9449,food,83.90,395
9450,electronics-9450,electronics,83.07,146
9451,clothing-9451,clothing,2.47,41
9452,books-9452,books,83.52,322
9453,home-9453,home,64.53,242
9454,toys-9454,toys,63.54,21
9455,food-9455,food,76.70,211
9456,electronics-9456,electronics,48.67,339
9457,clothing-9457,clothing,43.09,357
9458,books-9458,books,62.18,204
9459,home-9459,home,3.03,221
9460,toys-9460,toys,21.57,213
9461,food-9461,food,25.14,300
9462,electronics-9462,electronics,79.09,410
9463,clothing-9463,clothing,77.06,340
9464,books-9464,books,8.35,93
9465,home-9465,home,39.14,378
9466,toys-9466,toys,83.57,311
9467,food-9467,food,92.34,441
9468,electronics-9468,electronics,80.56,468
9469,clothing-9469,clothing,50.46,460
9470,books-9470,books,63.37,427
9471,home-9471,home,4.74,225
9472,toys-9472,toys,83.14,311
9473,food-9473,food,68.89,85
9474,electronics-9474,electronics,43.10,98
9475,clothing-9475,clothing,42.18,128
9476,books-9476,books,10.36,89
9477,home-9477,home,54.99,241
9478,toys-9478,toys,29.99,167
9479,food-9479,food,61.91,339
9480,electronics-9480,electronics,54.79,158
9481,clothing-9481,clothing,17.38,35
9482,books-9482,books,85.96,181
9483,home-9483,home,14.40,112
9484,toys-9484,toys,32.70,193
9485,food-9485,food,49.78,431
9486,electronics-9486,electronics,20.76,125
9487,clothing-9487,clothing,9.92,358
9488,books-9488,books,78.50,380
9489,home-9489,home,68.74,91
9490,toys-9490,toys,3.89,11
9491,food-9491,food,25.57,278
9492,electronics-9492,electronics,51.16,387
9493,clothing-9493,clothing,62.52,459
9494,books-9494,books,92.04,452
9495,home-9495,home,80.10,146
9496,toys-9496,toys,97.83,202
9497,food-9497,food,65.53,49
9498,electronics-9498,electronics,19.37,58
9499,clothing-9499,clothing,3.29,92
9500,books-9500,books,66.54,102
9501,home-9501,home,33.32,373
9502,toys-9502,toys,4.13,463
9503,food-9503,food,19.73,6
9504,electronics-9504,electronics,55.74,155
9505,clothing-9505,clothing,13.97,347
9506,books-9506,books,90.74,118
9507,home-9507,home,51.10,339
9508,toys-9508,toys,56.21,288
9509,food-9509,food,9.24,107
9510,electronics-9510,electronics,90.86,422
9511,clothing-9511,clothing,68.04,227
9512,books-9512,books,15.59,360
9513,home-9513,home,4.26,18
9514,toys-9514,toys,3.87,191
9515,food-9515,food,57.39,94
9516,electronics-9516,electronics,33.06,375
9517,clothing-9517,clothing,53.81,299
9518,books-9518,books,10.59,488
9519,home-9519,home,7.18,436
9520,toys-9520,toys,2.42,244
9521,food-9521,food,26.84,368
9522,electronics-9522,electronics,53.24,239
9523,clothing-9523,clothing,45.63,240
9524,books-9524,books,45.36,292
9525,home-9525,home,32.22,73
9526,toys-9526,toys,56.44,364
9527,food-9527,food,49.57,111
9528,electronics-9528,electronics,10.40,359
9529,clothing-9529,clothing,16.90,207
9530,books-9530,books,11.19,245
9531,home-9531,home,87.60,402
9532,toys-9532,toys,77.08,396
9533,food-9533,food,10.48,65
9534,electronics-9534,electronics,35.26,416
9535,clothing-9535,clothing,24.20,454
9536,books-9536,books,58.47,405
9537,home-9537,home,78.99,81
9538,toys-9538,toys,79.02,353
9539,food-9539,food,36.13,317
9540,electronics-9540,electronics,38.77,84
9541,clothing-9541,clothing,28.85,454
9542,books-9542,books,38.04,69
9543,home-9543,home,63.70,68
9544,toys-9544,toys,94.20,404
9545,food-9545,food,9.16,321
9546,electronics-9546,electronics,44.21,360
9547,clothing-9547,clothing,70.50,57
9548,books-9548,books,87.67,260
9549,home-9549,home,74.97,139
9550,toys-9550,toys,25.28,300
9551,food-9551,food,97.13,482
9552,electronics-9552,electronics,2.52,444
9553,clothing-9553,clothing,3.84,446
9554,books-9554,books,12.31,121
9555,home-9555,home,11.81,381
9556,toys-9556,toys,65.04,219
9557,food-9557,food,63.03,278
9558,electronics-9558,electronics,86.05,472
9559,clothing-9559,clothing,51.45,170
9560,books-9560,books,96.17,453
9561,home-9561,home,30.26,66
9562,toys-9562,toys,50.60,421
9563,food-9563,food,19.16,374
9564,electronics-9564,electronics,46.30,120
9565,clothing-9565,clothing,33.06,402
9566,books-9566,books,17.06,193
9567,home-9567,home,61.27,348
9568,toys-9568,toys,94.87,173
9569,food-9569,food,30.21,116
9570,electronics-9570,electronics,32.61,97
9571,clothing-9571,clothing,91.32,430
9572,books-9572,books,72.46,52
9573,home-9573,home,82.53,61
9574,toys-9574,toys,57.98,493
9575,food-9575,food,75.35,284
9576,electronics-9576,electronics,35.46,139
9577,clothing-9577,clothing,54.64,495
9578,books-9578,books,96.87,197
9579,home-9579,home,29.63,81
9580,toys-9580,toys,11.37,454
9581,food-9581,food,46.20,264
9582,electronics-9582,electronics,12.48,445
9583,clothing-9583,clothing,20.73,241
9584,books-9584,books,36.08,428
9585,home-9585,home,68.67,192
9586,toys-9586,toys,98.39,345
9587,food-9587,food,59.30,366
9588,electronics-9588,electronics,9.07,356
9589,clothing-9589,clothing,95.63,134
9590,books-9590,books,38.99,73
9591,home-9591,home,81.31,457
9592,toys-9592,toys,23.08,193
9593,food-9593,food,72.63,153
9594,electronics-9594,electronics,17.64,451
9595,clothing-9595,clothing,21.78,337
9596,books-9596,books,77.75,198
9597,home-9597,home,26.34,494
9598,toys-9598,toys,91.51,99
9599,food-9599,food,13.34,73
9600,electronics-9600,electronics,78.42,74
9601,clothing-9601,clothing,34.95,175
9602,books-9602,books,13.24,326
9603,home-9603,home,9.63,368
9604,toys-9604,toys,74.77,71
9605,food-9605,food,25.67,50
9606,electronics-9606,electronics,96.44,149
9607,clothing-9607,clothing,52.05,350
9608,books-9608,books,87.35,361
9609,home-9609,home,85.36,301
9610,toys-9610,toys,5.76,103
9611,food-9611,food,97.69,459
9612,electronics-9612,electronics,15.91,64
9613,clothing-9613,clothing,68.93,408
9614,books-9614,books,89.30,48
9615,home-9615,home,11.85,15
9616,toys-9616,toys,45.77,355
9617,food-9617,food,24.15,456
9618,electronics-9618,electronics,51.46,218
9619,clothing-9619,clothing,21.77,44
9620,books-9620,books,68.34,120
9621,home-9621,home,51.99,290
9622,toys-9622,toys,79.89,60
9623,food-9623,food,69.49,180
9624,electronics-9624,electronics,81.12,266
9625,clothing-9625,clothing,53.92,301
9626,books-9626,books,71.70,490
9627,home-9627,home,47.16,170
9628,toys-9628,toys,2.62,490
9629,food-9629,food,1.53,205
9630,electronics-9630,electronics,66.67,392
9631,clothing-9631,clothing,44.20,425
9632,books-9632,books,13.94,177
9633,home-9633,home,76.47,357
9634,toys-9634,toys,94.54,43
9635,food-9635,food,53.31,230
9636,electronics-9636,electronics,32.30,401
9637,clothing-9637,clothing,92.99,393
9638,books-9638,books,43.13,228
9639,home-9639,home,69.94,431
9640,toys-9640,toys,55.31,75
9641,food-9641,food,59.47,492
9642,electronics-9642,electronics,89.12,19
9643,clothing-9643,clothing,76.25,215
9644,books-9644,books,11.22,1
9645,home-9645,home,43.23,391
9646,toys-9646,toys,48.24,116
9647,food-9647,food,11.02,312
9648,electronics-9648,electronics,71.04,352
9649,clothing-9649,clothing,8.82,450
9650,books-9650,books,98.47,368
9651,home-9651,home,23.20,261
9652,toys-9652,toys,80.77,241
9653,food-9653,food,14.81,301
9654,electronics-9654,electronics,88.20,444
9655,clothing-9655,clothing,82.28,142
9656,books-9656,books,21.11,254
9657,home-9657,home,0.37,299
9658,toys-9658,toys,52.38,125
9659,food-9659,food,36.97,43
9660,electronics-9660,electronics,13.59,129
9661,clothing-9661,clothing,37.22,127
9662,books-9662,books,81.42,239
9663,home-9663,home,28.59,211
9664,toys-9664,toys,30.41,110
9665,food-9665,food,25.55,71
9666,electronics-9666,electronics,85.46,206
9667,clothing-9667,clothing,83.62,24
9668,books-9668,books,24.34,122
9669,home-9669,home,17.22,398
9670,toys-9670,toys,2.76,489
9671,food-9671,food,25.74,334
9672,electronics-9672,electronics,61.70,131
9673,clothing-9673,clothing,67.24,32
9674,books-9674,books,44.34,248
9675,home-9675,home,81.91,390
9676,toys-9676,toys,78.06,192
9677,food-9677,food,54.25,331
9678,electronics-9678,electronics,70.54,132
9679,clothing-9679,clothing,22.31,224
9680,books-9680,books,35.02,394
9681,home-9681,home,8.46,224
9682,toys-9682,toys,99.90,373
9683,food-9683,food,84.06,351
9684,electronics-9684,electronics,46.61,190
9685,clothing-9685,clothing,89.81,459
9686,books-9686,books,99.44,456
9687,home-9687,home,54.23,466
9688,toys-9688,toys,1.04,490
9689,food-9689,food,16.17,115
9690,electronics-9690,electronics,20.22,54
9691,clothing-9691,clothing,60.20,63
9692,books-9692,books,37.36,343
9693,home-9693,home,33.28,377
9694,toys-9694,toys,48.05,480
9695,food-9695,food,77.62,371
9696,electronics-9696,electronics,97.74,391
9697,clothing-9697,clothing,21.04,287
9698,books-9698,books,68.65,191
9699,home-9699,home,46.53,11
9700,toys-9700,toys,66.95,137
9701,food-9701,food,99.19,392
9702,electronics-9702,electronics,27.79,470
9703,clothing-9703,clothing,28.43,110
9704,books-9704,books,66.64,297
9705,home-9705,home,93.77,225
9706,toys-9706,toys,50.08,346
9707,food-9707,food,2.60,309
9708,electronics-9708,electronics,48.35,487
9709,clothing-9709,clothing,80.73,336
9710,books-9710,books,47.38,272
9711,home-9711,home,94.16,330
9712,toys-9712,toys,61.11,307
9713,food-9713,food,28.80,21
9714,electronics-9714,electronics,8.96,79
9715,clothing-9715,clothing,76.48,96
9716,books-9716,books,19.52,343
9717,home-9717,home,44.32,165
9718,toys-9718,toys,77.28,195
9719,food-9719,food,99.71,283
9720,electronics-9720,electronics,68.01,212
9721,clothing-9721,clothing,80.04,392
9722,books-9722,books,92.03,233
9723,home-9723,home,40.14,322
9724,toys-9724,toys,62.50,40
9725,food-9725,food,86.20,348
9726,electronics-9726,electronics,40.83,375
9727,clothing-9727,clothing,80.33,322
9728,books-9728,books,18.51,5
9729,home-9729,home,71.47,231
9730,toys-9730,toys,0.80,117
9731,food-9731,food,67.10,368
9732,electronics-9732,electronics,80.36,196
9733,clothing-9733,clothing,18.20,263
9734,books-9734,books,25.77,208
9735,home-9735,home,93.82,436
9736,toys-9736,toys,72.90,496
9737,food-9737,food,27.54,359
9738,electronics-9738,electronics,54.61,466
9739,clothing-9739,clothing,77.25,61
9740,books-9740,books,42.68,491
9741,home-9741,home,75.50,224
9742,toys-9742,toys,34.26,266
9743,food-9743,food,81.14,13
9744,electronics-9744,electronics,33.48,66
9745,clothing-9745,clothing,6.14,59
9746,books-9746,books,85.04,165
9747,home-9747,home,12.31,403
9748,toys-9748,toys,28.19,157
9749,food-9749,food,43.10,448
9750,electronics-9750,electronics,9.15,128
9751,clothing-9751,clothing,91.72,412
9752,books-9752,books,98.68,5
9753,home-9753,home,92.14,292
9754,toys-9754,toys,34.66,378
9755,food-9755,food,14.05,188
9756,electronics-9756,electronics,27.43,462
9757,clothing-9757,clothing,7.64,14
9758,books-9758,books,15.41,288
9759,home-9759,home,37.92,131
9760,toys-9760,toys,48.00,271
9761,food-9761,food,31.82,372
9762,electronics-9762,electronics,72.71,253
9763,clothing-9763,clothing,70.75,430
9764,books-9764,books,74.16,158
9765,home-9765,home,54.66,172
9766,toys-9766,toys,56.18,477
9767,food-9767,food,4.81,395
9768,electronics-9768,electronics,51.63,384
9769,clothing-9769,clothing,39.74,156
9770,books-9770,books,7.40,188
9771,home-9771,home,75.55,280
9772,toys-9772,toys,34.75,34
9773,food-9773,food,5.08,462
9774,electronics-9774,electronics,11.73,196
9775,clothing-9775,clothing,13.27,468
9776,books-9776,books,5.03,409
9777,home-9777,home,34.17,376
9778,toys-9778,toys,21.35,80
9779,food-9779,food,85.13,106
9780,electronics-9780,electronics,57.69,181
9781,clothing-9781,clothing,39.80,186
9782,books-9782,books,8.66,208
9783,home-9783,home,40.52,421
9784,toys-9784,toys,76.46,42
9785,food-9785,food,92.05,200
9786,electronics-9786,electronics,8.29,498
9787,clothing-9787,clothing,94.16,132
9788,books-9788,books,62.26,173
9789,home-9789,home,47.94,298
9790,toys-9790,toys,63.82,134
9791,food-9791,food,97.24,214
9792,electronics-9792,electronics,74.47,291
9793,clothing-9793,clothing,36.55,491
9794,books-9794,books,22.17,49
9795,home-9795,home,32.02,468
9796,toys-9796,toys,53.55,278
9797,food-9797,food,57.86,49
9798,electronics-9798,electronics,65.66,208
9799,clothing-9799,clothing,92.80,127
9800,books-9800,books,2.66,373
9801,home-9801,home,21.39,391
9802,toys-9802,toys,18.95,166
9803,food-9803,food,77.42,139
9804,electronics-9804,electronics,86.51,412
9805,clothing-9805,clothing,86.81,151
9806,books-9806,books,84.38,332
9807,home-9807,home,64.00,201
9808,toys-9808,toys,9.04,106
9809,food-9809,food,42.55,3
9810,electronics-9810,electronics,86.71,237
9811,clothing-9811,clothing,90.21,130
9812,books-9812,books,10.48,50
9813,home-9813,home,83.88,202
9814,toys-9814,toys,23.61,153
9815,food-9815,food,55.43,409
9816,electronics-9816,electronics,44.44,138
9817,clothing-9817,clothing,56.05,418
9818,books-9818,books,47.56,145
9819,home-9819,home,19.27,117
9820,toys-9820,toys,51.96,266
9821,food-9821,food,21.09,362
9822,electronics-9822,electronics,62.09,494
9823,clothing-9823,clothing,32.61,422
9824,books-9824,books,79.24,346
9825,home-9825,home,44.99,341
9826,toys-9826,toys,83.97,473
9827,food-9827,food,5.64,192
9828,electronics-9828,electronics,8.12,410
9829,clothing-9829,clothing,31.56,140
9830,books-9830,books,23.75,175
9831,home-9831,home,26.86,290
9832,toys-9832,toys,39.15,203
9833,food-9833,food,73.33,380
9834,electronics-9834,electronics,54.89,433
9835,clothing-9835,clothing,43.82,357
9836,books-9836,books,32.06,151
9837,home-9837,home,0.29,492
9838,toys-9838,toys,64.11,373
9839,food-9839,food,96.96,428
9840,electronics-9840,electronics,85.10,4
9841,clothing-9841,clothing,4.27,57
9842,books-9842,books,84.15,407
9843,home-9843,home,30.82,137
9844,toys-9844,toys,3.09,382
9845,food-9845,food,43.87,300
9846,electronics-9846,electronics,96.96,222
9847,clothing-9847,clothing,52.39,255
9848,books-9848,books,4.53,283
9849,home-9849,home,85.28,16
9850,toys-9850,toys,77.64,186
9851,food-9851,food,91.90,71
9852,electronics-9852,electronics,81.07,41
9853,clothing-9853,clothing,65.78,168
9854,books-9854,books,46.30,117
9855,home-9855,home,74.20,248
9856,toys-9856,toys,56.74,397
9857,food-9857,food,87.54,473
9858,electronics-9858,electronics,33.26,476
9859,clothing-9859,clothing,77.48,305
9860,books-9860,books,76.35,50
9861,home-9861,home,1.01,137
9862,toys-9862,toys,55.85,418
9863,food-9863,food,3.67,29
9864,electronics-9864,electronics,56.96,243
9865,clothing-9865,clothing,64.88,97
9866,books-9866,books,56.88,102
9867,home-9867,home,98.78,471
9868,toys-9868,toys,5.05,348
9869,food-9869,food,45.85,92
9870,electronics-9870,electronics,26.42,411
9871,clothing-9871,clothing,60.28,493
9872,books-9872,books,10.98,276
9873,home-9873,home,38.09,170
9874,toys-9874,toys,39.94,298
9875,food-9875,food,19.33,145
9876,electronics-9876,electronics,23.87,140
9877,clothing-9877,clothing,14.27,282
9878,books-9878,books,74.81,359
9879,home-9879,home,51.02,209
9880,toys-9880,toys,63.07,202
9881,food-9881,food,35.89,127
9882,electronics-9882,electronics,80.45,479
9883,clothing-9883,clothing,99.20,205
9884,books-9884,books,76.94,169
9885,home-9885,home,17.78,143
9886,toys-9886,toys,62.01,375
9887,food-9887,food,71.83,64
9888,electronics-9888,electronics,32.42,80
9889,clothing-9889,clothing,95.33,97
9890,books-9890,books,2.08,127
9891,home-9891,home,97.19,376
9892,toys-9892,toys,18.32,33
9893,food-9893,food,92.80,125
9894,electronics-9894,electronics,85.85,365
9895,clothing-9895,clothing,97.01,252
9896,books-9896,books,5.58,5
9897,home-9897,home,30.96,456
9898,toys-9898,toys,43.61,391
9899,food-9899,food,84.83,215
9900,electronics-9900,electronics,10.92,84
9901,clothing-9901,clothing,57.90,332
9902,books-9902,books,91.44,268
9903,home-9903,home,61.21,373
9904,toys-9904,toys,45.39,268
9905,food-9905,food,84.95,221
9906,electronics-9906,electronics,30.71,423
9907,clothing-9907,clothing,23.75,92
9908,books-9908,books,58.03,361
9909,home-9909,home,24.54,18
9910,toys-9910,toys,16.36,47
9911,food-9911,food,49.11,329
9912,electronics-9912,electronics,23.36,136
9913,clothing-9913,clothing,74.02,156
9914,books-9914,books,9.85,50
9915,home-9915,home,86.52,103
9916,toys-9916,toys,3.51,128
9917,food-9917,food,86.51,393
9918,electronics-9918,electronics,34.93,178
9919,clothing-9919,clothing,59.55,335
9920,books-9920,books,99.24,284
9921,home-9921,home,7.94,133
9922,toys-9922,toys,2.97,217
9923,food-9923,food,59.12,288
9924,electronics-9924,electronics,28.98,356
9925,clothing-9925,clothing,81.19,54
9926,books-9926,books,46.71,188
9927,home-9927,home,73.24,86
9928,toys-9928,toys,91.15,29
9929,food-9929,food,88.66,130
9930,electronics-9930,electronics,84.02,357
9931,clothing-9931,clothing,61.07,18
9932,books-9932,books,14.57,223
9933,home-9933,home,6.85,40
9934,toys-9934,toys,64.18,493
9935,food-9935,food,50.23,104
9936,electronics-9936,electronics,4.95,322
9937,clothing-9937,clothing,99.78,33
9938,books-9938,books,76.76,101
9939,home-9939,home,43.29,90
9940,toys-9940,toys,9.77,162
9941,food-9941,food,7.63,477
9942,electronics-9942,electronics,35.08,427
9943,clothing-9943,clothing,47.65,467
9944,books-9944,books,53.12,329
9945,home-9945,home,37.39,225
9946,toys-9946,toys,96.72,152
9947,food-9947,food,43.08,98
9948,electronics-9948,electronics,39.68,323
9949,clothing-9949,clothing,6.03,213
9950,books-9950,books,12.67,226
9951,home-9951,home,60.99,104
9952,toys-9952,toys,67.28,300
9953,food-9953,food,50.64,223
9954,electronics-9954,electronics,91.10,127
9955,clothing-9955,clothing,29.60,323
9956,books-9956,books,41.31,166
9957,home-9957,home,37.07,495
9958,toys-9958,toys,88.83,122
9959,food-9959,food,63.54,171
9960,electronics-9960,electronics,40.74,457
9961,clothing-9961,clothing,98.10,331
9962,books-9962,books,99.10,264
9963,home-9963,home,16.28,267
9964,toys-9964,toys,87.58,344
9965,food-9965,food,28.00,200
9966,electronics-9966,electronics,71.00,255
9967,clothing-9967,clothing,96.90,279
9968,books-9968,books,0.48,169
9969,home-9969,home,66.24,424
9970,toys-9970,toys,64.12,111
9971,food-9971,food,80.01,153
9972,electronics-9972,electronics,99.45,68
9973,clothing-9973,clothing,60.97,311
9974,books-9974,books,51.07,347
9975,home-9975,home,19.12,303
9976,toys-9976,toys,36.10,474
9977,food-9977,food,80.38,248
9978,electronics-9978,electronics,34.10,460
9979,clothing-9979,clothing,11.74,133
9980,books-9980,books,61.23,215
9981,home-9981,home,86.18,453
9982,toys-9982,toys,87.58,297
9983,food-9983,food,29.04,246
9984,electronics-9984,electronics,1.19,418
9985,clothing-9985,clothing,82.38,88
9986,books-9986,books,45.24,28
9987,home-9987,home,8.36,21
9988,toys-9988,toys,76.09,415
9989,food-9989,food,82.79,16
9990,electronics-9990,electronics,10.56,474
9991,clothing-9991,clothing,61.36,344
9992,books-9992,books,77.80,125
9993,home-9993,home,71.32,183
9994,toys-9994,toys,71.26,98
9995,food-9995,food,38.38,432
9996,electronics-9996,electronics,43.64,438
9997,clothing-9997,clothing,59.68,458
9998,books-9998,books,1.32,77
9999,home-9999,home,28.47,289